CustomerID,Recency,Frequency,Monetary,TotalQuantity,UniqueProducts,AverageOrderValue,Cluster,Segment
12346,225,1,77183.6,74215,1,77183.6,0,Regular / Mid-Value
12347,29,5,2790.86,1590,82,558.172,3,High-Value / Loyal
12348,148,3,1487.24,2124,22,495.74666666666667,0,Regular / Mid-Value
12350,210,1,334.4,197,17,334.4,1,At-Risk / Low-Value
12352,162,5,1561.81,254,26,312.36199999999997,0,Regular / Mid-Value
12353,104,1,89.0,20,4,89.0,1,At-Risk / Low-Value
12354,132,1,1079.4,530,58,1079.4,0,Regular / Mid-Value
12355,114,1,459.4,240,13,459.4,1,At-Risk / Low-Value
12356,145,2,2753.08,1586,53,1376.54,0,Regular / Mid-Value
12358,50,1,484.86,100,12,484.86,1,At-Risk / Low-Value
12359,89,3,3495.73,965,135,1165.2433333333333,0,Regular / Mid-Value
12360,12,2,1618.28,674,63,809.14,2,Recent / Potential
12361,187,1,189.9,91,10,189.9,1,At-Risk / Low-Value
12362,20,4,1747.35,988,89,436.8375,0,Regular / Mid-Value
12363,9,2,552.0,408,23,276.0,2,Recent / Potential
12364,12,1,623.92,555,34,623.92,2,Recent / Potential
12365,191,2,641.38,174,22,320.69,0,Regular / Mid-Value
12370,174,3,2806.41,1973,125,935.4699999999999,0,Regular / Mid-Value
12372,112,2,914.9200000000001,592,32,457.46000000000004,0,Regular / Mid-Value
12373,211,1,364.6,197,14,364.6,1,At-Risk / Low-Value
12377,215,2,1628.12,944,72,814.06,0,Regular / Mid-Value
12378,29,1,4008.62,2529,219,4008.62,0,Regular / Mid-Value
12379,70,1,459.84,211,20,459.84,1,At-Risk / Low-Value
12380,85,1,607.5500000000001,293,36,607.5500000000001,1,At-Risk / Low-Value
12381,19,1,1268.74,568,62,1268.74,2,Recent / Potential
12383,84,5,1850.56,1532,84,370.11199999999997,0,Regular / Mid-Value
12384,21,1,292.69,62,14,292.69,2,Recent / Potential
12386,237,2,401.9,354,10,200.95,1,At-Risk / Low-Value
12388,48,4,1668.3400000000001,760,50,417.08500000000004,0,Regular / Mid-Value
12393,145,3,1061.1000000000001,522,33,353.70000000000005,0,Regular / Mid-Value
12394,117,1,381.08,182,21,381.08,1,At-Risk / Low-Value
12395,12,8,1899.57,1629,65,237.44625,3,High-Value / Loyal
12397,35,1,1214.81,704,70,1214.81,0,Regular / Mid-Value
12399,19,4,1108.65,1178,47,277.1625,2,Recent / Potential
12401,203,1,84.3,11,5,84.3,1,At-Risk / Low-Value
12402,223,1,225.6,94,11,225.6,1,At-Risk / Low-Value
12405,48,1,1710.39,857,54,1710.39,0,Regular / Mid-Value
12406,83,1,1621.25,793,48,1621.25,0,Regular / Mid-Value
12407,34,4,1407.3600000000001,1237,50,351.84000000000003,0,Regular / Mid-Value
12408,75,3,1491.77,734,58,497.25666666666666,0,Regular / Mid-Value
12409,82,1,6207.08,3142,64,6207.08,0,Regular / Mid-Value
12410,208,2,693.3299999999999,211,26,346.66499999999996,0,Regular / Mid-Value
12412,37,2,890.74,599,34,445.37,0,Regular / Mid-Value
12413,136,2,563.9,205,25,281.95,0,Regular / Mid-Value
12414,117,3,562.41,300,16,187.47,0,Regular / Mid-Value
12415,13,13,99146.16,63865,377,7626.627692307693,3,High-Value / Loyal
12417,6,7,2816.52,1229,132,402.36,3,High-Value / Loyal
12418,12,1,668.58,407,34,668.58,2,Recent / Potential
12421,14,3,628.56,407,25,209.51999999999998,2,Recent / Potential
12422,68,2,655.86,288,31,327.93,0,Regular / Mid-Value
12423,0,7,1650.67,1136,86,235.81,3,High-Value / Loyal
12424,62,2,1760.96,740,30,880.48,0,Regular / Mid-Value
12426,94,1,582.73,258,30,582.73,1,At-Risk / Low-Value
12427,271,1,303.5,79,10,303.5,1,At-Risk / Low-Value
12428,20,8,7548.12,3386,252,943.515,3,High-Value / Loyal
12429,72,3,2844.88,1045,62,948.2933333333334,0,Regular / Mid-Value
12431,19,11,4874.57,2108,134,443.14272727272726,3,High-Value / Loyal
12432,70,3,4016.66,1427,75,1338.8866666666665,0,Regular / Mid-Value
12433,266,2,3787.12,3582,79,1893.56,0,Regular / Mid-Value
12434,160,1,286.25,77,16,286.25,1,At-Risk / Low-Value
12435,167,1,3978.9900000000002,879,19,3978.9900000000002,0,Regular / Mid-Value
12437,77,9,2476.73,1643,58,275.1922222222222,3,High-Value / Loyal
12438,40,1,890.0699999999999,586,49,890.0699999999999,0,Regular / Mid-Value
12441,266,1,173.55,121,11,173.55,1,At-Risk / Low-Value
12444,21,2,2627.27,650,96,1313.635,0,Regular / Mid-Value
12447,143,1,476.49,190,26,476.49,1,At-Risk / Low-Value
12449,29,2,1636.88,657,71,818.44,0,Regular / Mid-Value
12450,56,2,197.88,128,7,98.94,1,At-Risk / Low-Value
12451,118,2,5307.82,4105,162,2653.91,0,Regular / Mid-Value
12453,34,1,707.09,473,43,707.09,2,Recent / Potential
12455,27,5,2176.36,1766,67,435.27200000000005,3,High-Value / Loyal
12456,31,2,2265.4,1073,77,1132.7,0,Regular / Mid-Value
12457,133,3,1067.25,397,23,355.75,0,Regular / Mid-Value
12458,184,1,441.92,270,19,441.92,1,At-Risk / Low-Value
12461,54,1,626.88,282,34,626.88,1,At-Risk / Low-Value
12462,203,1,762.11,287,40,762.11,1,At-Risk / Low-Value
12463,75,3,985.79,577,51,328.59666666666664,0,Regular / Mid-Value
12464,6,6,780.55,81,6,130.09166666666667,2,Recent / Potential
12465,69,1,440.94,294,26,440.94,1,At-Risk / Low-Value
12468,87,2,729.5400000000001,366,36,364.77000000000004,0,Regular / Mid-Value
12471,7,19,11116.4,4352,108,585.0736842105263,3,High-Value / Loyal
12472,38,5,4927.6,3088,180,985.5200000000001,3,High-Value / Loyal
12473,14,2,1186.25,878,60,593.125,2,Recent / Potential
12474,37,12,3896.38,2484,144,324.6983333333333,3,High-Value / Loyal
12476,41,6,3191.67,1132,91,531.945,3,High-Value / Loyal
12477,0,3,8834.03,2518,156,2944.6766666666667,3,High-Value / Loyal
12480,43,3,2144.95,1096,97,714.9833333333332,0,Regular / Mid-Value
12481,79,8,4101.76,2361,112,512.72,3,High-Value / Loyal
12483,83,5,1314.6100000000001,629,31,262.922,0,Regular / Mid-Value
12484,0,4,3663.15,1859,222,915.7875,3,High-Value / Loyal
12489,236,1,334.93,105,15,334.93,1,At-Risk / Low-Value
12490,0,5,2516.77,1360,74,503.354,3,High-Value / Loyal
12492,5,1,126.39000000000001,69,9,126.39000000000001,2,Recent / Potential
12493,65,2,433.74,207,20,216.87,0,Regular / Mid-Value
12494,61,5,868.86,364,42,173.772,0,Regular / Mid-Value
12500,6,6,1773.8400000000001,1270,20,295.64000000000004,3,High-Value / Loyal
12501,236,1,2169.39,1783,149,2169.39,0,Regular / Mid-Value
12502,27,4,2631.52,586,81,657.88,0,Regular / Mid-Value
12506,132,1,73.5,23,23,73.5,1,At-Risk / Low-Value
12507,34,3,1304.81,894,19,434.93666666666667,0,Regular / Mid-Value
12509,184,1,176.5,55,7,176.5,1,At-Risk / Low-Value
12510,42,2,982.5699999999999,353,29,491.28499999999997,0,Regular / Mid-Value
12513,12,1,612.29,462,35,612.29,2,Recent / Potential
12514,167,1,1017.68,440,51,1017.68,1,At-Risk / Low-Value
12515,253,1,383.7,131,16,383.7,1,At-Risk / Low-Value
12516,80,1,583.2,345,13,583.2,1,At-Risk / Low-Value
12517,26,2,1538.7,841,173,769.35,0,Regular / Mid-Value
12518,10,1,324.83,187,18,324.83,2,Recent / Potential
12520,42,4,2045.85,1099,104,511.4625,0,Regular / Mid-Value
12521,42,1,599.68,309,38,599.68,2,Recent / Potential
12523,7,7,1017.75,560,49,145.39285714285714,3,High-Value / Loyal
12524,62,6,3122.48,2290,92,520.4133333333333,0,Regular / Mid-Value
12527,194,2,284.92,221,15,142.46,1,At-Risk / Low-Value
12528,14,4,1287.37,503,46,321.8425,2,Recent / Potential
12530,23,3,1221.65,600,39,407.2166666666667,0,Regular / Mid-Value
12534,30,1,1089.18,651,63,1089.18,2,Recent / Potential
12535,86,1,371.45,115,18,371.45,1,At-Risk / Low-Value
12539,162,3,4517.69,1621,125,1505.8966666666665,0,Regular / Mid-Value
12540,7,10,8786.869999999999,4190,197,878.6869999999999,3,High-Value / Loyal
12541,73,2,536.14,419,27,268.07,0,Regular / Mid-Value
12545,159,1,628.15,346,34,628.15,1,At-Risk / Low-Value
12547,97,2,207.79999999999998,134,7,103.89999999999999,1,At-Risk / Low-Value
12548,66,1,95.19999999999999,49,5,95.19999999999999,1,At-Risk / Low-Value
12551,257,1,168.0,100,10,168.0,1,At-Risk / Low-Value
12553,10,7,2419.59,1351,81,345.6557142857143,3,High-Value / Loyal
12556,51,1,312.9,166,60,312.9,1,At-Risk / Low-Value
12557,58,4,9000.960000000001,3464,15,2250.2400000000002,0,Regular / Mid-Value
12559,210,2,561.71,283,21,280.855,1,At-Risk / Low-Value
12560,12,2,1436.31,820,77,718.155,2,Recent / Potential
12561,202,1,238.85,177,16,238.85,1,At-Risk / Low-Value
12562,26,3,1605.23,776,53,535.0766666666667,0,Regular / Mid-Value
12564,161,1,456.9,133,21,456.9,1,At-Risk / Low-Value
12565,188,1,145.92,80,9,145.92,1,At-Risk / Low-Value
12567,8,8,6958.16,3024,236,869.77,3,High-Value / Loyal
12569,7,12,1883.02,788,45,156.91833333333332,3,High-Value / Loyal
12571,21,1,248.35,197,14,248.35,2,Recent / Potential
12573,127,1,160.54000000000002,84,26,160.54000000000002,1,At-Risk / Low-Value
12574,215,1,218.45,61,11,218.45,1,At-Risk / Low-Value
12576,49,3,660.85,463,42,220.28333333333333,0,Regular / Mid-Value
12577,259,1,195.89,134,67,195.89,1,At-Risk / Low-Value
12578,230,1,1608.66,748,70,1608.66,0,Regular / Mid-Value
12580,146,1,415.7,238,24,415.7,1,At-Risk / Low-Value
12582,138,2,511.36,300,21,255.68,1,At-Risk / Low-Value
12583,6,9,4232.21,3463,84,470.24555555555554,3,High-Value / Loyal
12584,27,4,782.59,138,27,195.6475,0,Regular / Mid-Value
12585,134,2,2040.1,1279,77,1020.05,0,Regular / Mid-Value
12589,44,1,131.5,83,10,131.5,1,At-Risk / Low-Value
12590,111,2,9864.26,4283,68,4932.13,0,Regular / Mid-Value
12591,217,1,452.84999999999997,228,26,452.84999999999997,1,At-Risk / Low-Value
12592,113,1,231.8,165,9,231.8,1,At-Risk / Low-Value
12593,8,3,418.09999999999997,206,14,139.36666666666665,2,Recent / Potential
12594,21,8,2529.9,1440,46,316.2375,3,High-Value / Loyal
12596,142,1,269.95,156,15,269.95,1,At-Risk / Low-Value
12597,83,2,1428.81,675,72,714.405,0,Regular / Mid-Value
12598,61,4,1584.3799999999999,971,45,396.09499999999997,0,Regular / Mid-Value
12599,26,6,857.04,749,25,142.84,0,Regular / Mid-Value
12600,12,8,1936.5600000000002,544,26,242.07000000000002,3,High-Value / Loyal
12601,89,5,577.0600000000001,245,21,115.412,0,Regular / Mid-Value
12604,161,1,178.5,137,10,178.5,1,At-Risk / Low-Value
12609,86,2,800.73,518,42,400.365,0,Regular / Mid-Value
12610,6,2,1256.25,625,68,628.125,2,Recent / Potential
12613,97,4,1462.52,759,65,365.63,0,Regular / Mid-Value
12614,177,1,315.6,76,20,315.6,1,At-Risk / Low-Value
12615,68,1,634.74,413,31,634.74,1,At-Risk / Low-Value
12616,197,1,255.6,98,11,255.6,1,At-Risk / Low-Value
12619,16,5,2087.46,1756,28,417.492,3,High-Value / Loyal
12620,104,1,561.66,434,33,561.66,1,At-Risk / Low-Value
12621,0,15,10195.04,5439,208,679.6693333333334,3,High-Value / Loyal
12622,132,1,180.1,69,11,180.1,1,At-Risk / Low-Value
12623,176,1,305.1,191,18,305.1,1,At-Risk / Low-Value
12624,6,2,641.13,355,36,320.565,2,Recent / Potential
12625,111,2,2683.82,1612,73,1341.91,0,Regular / Mid-Value
12626,12,6,4774.0,2337,170,795.6666666666666,3,High-Value / Loyal
12627,8,4,1908.57,1016,92,477.1425,3,High-Value / Loyal
12633,29,3,1948.75,1068,66,649.5833333333334,0,Regular / Mid-Value
12635,54,1,683.64,399,40,683.64,0,Regular / Mid-Value
12637,57,5,3054.1,1406,138,610.8199999999999,0,Regular / Mid-Value
12639,138,1,486.1,201,22,486.1,1,At-Risk / Low-Value
12641,15,1,185.9,72,10,185.9,2,Recent / Potential
12642,7,1,366.45,277,24,366.45,2,Recent / Potential
12643,28,6,3344.64,1808,11,557.4399999999999,3,High-Value / Loyal
12644,29,1,477.91,325,31,477.91,2,Recent / Potential
12645,9,3,1310.8600000000001,825,52,436.9533333333334,2,Recent / Potential
12647,26,9,2886.71,1039,63,320.74555555555554,3,High-Value / Loyal
12648,54,1,318.05,160,21,318.05,1,At-Risk / Low-Value
12649,7,3,623.51,586,28,207.83666666666667,2,Recent / Potential
12651,234,1,114.0,78,9,114.0,1,At-Risk / Low-Value
12652,231,1,919.98,505,48,919.98,1,At-Risk / Low-Value
12653,48,2,2209.85,919,37,1104.925,0,Regular / Mid-Value
12654,97,3,337.75,151,19,112.58333333333333,0,Regular / Mid-Value
12656,16,3,2820.67,1280,51,940.2233333333334,2,Recent / Potential
12662,7,7,2653.66,1400,96,379.0942857142857,3,High-Value / Loyal
12664,43,3,1957.48,505,10,652.4933333333333,0,Regular / Mid-Value
12665,224,1,63.0,37,3,63.0,1,At-Risk / Low-Value
12668,159,3,2924.4700000000003,1334,104,974.8233333333334,0,Regular / Mid-Value
12669,50,3,2744.0299999999997,1115,98,914.6766666666666,0,Regular / Mid-Value
12670,99,2,1026.3899999999999,488,28,513.1949999999999,0,Regular / Mid-Value
12672,229,1,225.89999999999998,78,10,225.89999999999998,1,At-Risk / Low-Value
12673,226,1,220.9,171,23,220.9,1,At-Risk / Low-Value
12674,70,2,976.8,494,30,488.4,0,Regular / Mid-Value
12676,23,4,998.0500000000001,494,21,249.51250000000002,0,Regular / Mid-Value
12678,0,9,8282.26,5195,78,920.2511111111112,3,High-Value / Loyal
12679,105,2,906.38,407,43,453.19,0,Regular / Mid-Value
12680,13,1,311.78,230,20,311.78,2,Recent / Potential
12681,51,15,9866.58,5419,219,657.772,3,High-Value / Loyal
12682,0,20,8219.92,3531,149,410.996,3,High-Value / Loyal
12683,5,11,6217.88,3769,151,565.2618181818182,3,High-Value / Loyal
12684,70,4,1379.48,1274,37,344.87,0,Regular / Mid-Value
12686,271,1,89.14,107,7,89.14,1,At-Risk / Low-Value
12688,13,1,4873.8099999999995,3028,171,4873.8099999999995,2,Recent / Potential
12689,27,1,511.03,281,34,511.03,2,Recent / Potential
12690,105,1,389.01,106,16,389.01,1,At-Risk / Low-Value
12691,45,4,556.3,198,16,139.075,0,Regular / Mid-Value
12693,27,4,855.91,255,35,213.9775,0,Regular / Mid-Value
12694,83,1,439.5,323,20,439.5,1,At-Risk / Low-Value
12695,7,2,333.90000000000003,172,17,166.95000000000002,2,Recent / Potential
12697,31,2,733.91,359,27,366.955,2,Recent / Potential
12700,56,2,2149.05,1376,110,1074.525,0,Regular / Mid-Value
12701,142,1,337.08,246,21,337.08,1,At-Risk / Low-Value
12704,5,3,1100.92,465,40,366.97333333333336,2,Recent / Potential
12705,58,4,4162.52,2599,177,1040.63,0,Regular / Mid-Value
12707,191,1,603.42,256,33,603.42,1,At-Risk / Low-Value
12708,1,7,2031.77,989,71,290.2528571428571,3,High-Value / Loyal
12709,35,10,6469.11,2589,75,646.911,3,High-Value / Loyal
12710,61,2,790.36,447,47,395.18,0,Regular / Mid-Value
12712,6,11,3913.08,943,54,355.73454545454547,3,High-Value / Loyal
12714,6,4,3389.7,2258,167,847.425,3,High-Value / Loyal
12715,6,1,353.86,197,20,353.86,2,Recent / Potential
12716,33,1,677.9,503,45,677.9,2,Recent / Potential
12717,51,2,1030.98,506,49,515.49,0,Regular / Mid-Value
12720,24,15,3314.5,2747,159,220.96666666666667,3,High-Value / Loyal
12721,83,4,1698.91,1133,88,424.7275,0,Regular / Mid-Value
12722,14,3,929.65,559,48,309.8833333333333,2,Recent / Potential
12724,73,2,280.36,178,15,140.18,1,At-Risk / Low-Value
12725,271,1,427.8,164,24,427.8,1,At-Risk / Low-Value
12726,84,5,1467.32,1942,40,293.464,0,Regular / Mid-Value
12727,87,5,2800.4,1608,90,560.08,0,Regular / Mid-Value
12728,157,3,617.31,256,29,205.76999999999998,0,Regular / Mid-Value
12729,13,1,453.01,233,26,453.01,2,Recent / Potential
12731,44,8,11324.25,5439,84,1415.53125,3,High-Value / Loyal
12732,79,1,236.26000000000002,111,12,236.26000000000002,1,At-Risk / Low-Value
12733,134,1,383.95,137,22,383.95,1,At-Risk / Low-Value
12734,252,1,110.39999999999999,88,4,110.39999999999999,1,At-Risk / Low-Value
12735,215,2,779.5699999999999,368,38,389.78499999999997,0,Regular / Mid-Value
12736,232,1,234.0,173,4,234.0,1,At-Risk / Low-Value
12738,272,1,155.35,148,11,155.35,1,At-Risk / Low-Value
12743,34,2,546.43,319,114,273.215,2,Recent / Potential
12744,44,5,14211.970000000001,4640,163,2842.3940000000002,3,High-Value / Loyal
12747,9,8,2769.4,862,34,346.175,3,High-Value / Loyal
12748,1,127,13568.55,8701,1139,106.83897637795275,3,High-Value / Loyal
12749,30,3,2755.23,1080,113,918.41,0,Regular / Mid-Value
12750,28,1,275.88,137,15,275.88,2,Recent / Potential
12753,35,5,16620.91,9211,114,3324.182,3,High-Value / Loyal
12754,135,3,3010.74,6481,49,1003.5799999999999,0,Regular / Mid-Value
12755,180,2,3811.95,1491,4,1905.975,0,Regular / Mid-Value
12757,42,7,5281.08,918,89,754.4399999999999,3,High-Value / Loyal
12758,16,2,2791.59,2135,84,1395.795,2,Recent / Potential
12759,71,2,1082.52,630,60,541.26,0,Regular / Mid-Value
12763,38,2,494.08,316,16,247.04,0,Regular / Mid-Value
12764,216,1,1693.88,386,45,1693.88,0,Regular / Mid-Value
12766,49,5,4952.1900000000005,2495,161,990.4380000000001,3,High-Value / Loyal
12769,138,1,1143.6,356,32,1143.6,0,Regular / Mid-Value
12770,110,1,1351.45,743,12,1351.45,0,Regular / Mid-Value
12775,89,4,1164.68,740,36,291.17,0,Regular / Mid-Value
12778,83,4,492.06,458,25,123.015,0,Regular / Mid-Value
12779,89,7,2999.41,1385,68,428.4871428571428,0,Regular / Mid-Value
12781,184,1,549.26,346,15,549.26,1,At-Risk / Low-Value
12782,49,4,2078.67,958,73,519.6675,0,Regular / Mid-Value
12785,264,1,311.95,131,14,311.95,1,At-Risk / Low-Value
12787,92,1,158.1,65,8,158.1,1,At-Risk / Low-Value
12790,92,1,324.92,166,21,324.92,1,At-Risk / Low-Value
12791,273,1,192.60000000000002,97,2,192.60000000000002,1,At-Risk / Low-Value
12792,156,1,400.53999999999996,217,25,400.53999999999996,1,At-Risk / Low-Value
12793,234,2,545.48,295,21,272.74,1,At-Risk / Low-Value
12797,265,1,254.03,118,13,254.03,1,At-Risk / Low-Value
12798,70,1,1607.04,2256,6,1607.04,0,Regular / Mid-Value
12802,86,1,427.58,314,25,427.58,1,At-Risk / Low-Value
12808,84,2,281.35,108,16,140.675,1,At-Risk / Low-Value
12809,77,1,489.31,220,25,489.31,1,At-Risk / Low-Value
12811,160,3,514.85,230,27,171.61666666666667,0,Regular / Mid-Value
12814,1,1,125.92,49,2,125.92,2,Recent / Potential
12815,47,2,1063.46,379,38,531.73,0,Regular / Mid-Value
12816,76,1,318.65000000000003,77,15,318.65000000000003,1,At-Risk / Low-Value
12817,181,1,166.04,53,4,166.04,1,At-Risk / Low-Value
12818,161,1,1542.08,929,14,1542.08,0,Regular / Mid-Value
12820,226,1,170.46,146,11,170.46,1,At-Risk / Low-Value
12821,114,1,92.72,70,6,92.72,1,At-Risk / Low-Value
12823,27,4,1224.0,160,1,306.0,0,Regular / Mid-Value
12826,78,4,818.62,721,50,204.655,0,Regular / Mid-Value
12828,12,2,338.2,132,19,169.1,2,Recent / Potential
12829,236,2,293.0,376,9,146.5,1,At-Risk / Low-Value
12830,34,4,5204.0,6344,13,1301.0,3,High-Value / Loyal
12831,162,1,215.05,135,9,215.05,1,At-Risk / Low-Value
12833,45,1,417.38,156,24,417.38,1,At-Risk / Low-Value
12834,182,1,312.38,110,18,312.38,1,At-Risk / Low-Value
12836,37,3,2112.53,858,110,704.1766666666667,0,Regular / Mid-Value
12837,73,1,134.1,24,12,134.1,1,At-Risk / Low-Value
12838,273,1,390.79,228,59,390.79,1,At-Risk / Low-Value
12839,13,8,2683.81,1785,66,335.47625,3,High-Value / Loyal
12840,43,4,2726.77,1511,67,681.6925,0,Regular / Mid-Value
12841,6,17,2851.44,1820,167,167.73176470588237,3,High-Value / Loyal
12842,208,1,310.73,157,14,310.73,1,At-Risk / Low-Value
12843,59,7,1692.31,780,68,241.75857142857143,0,Regular / Mid-Value
12844,30,1,174.88,77,27,174.88,1,At-Risk / Low-Value
12845,167,4,354.09,204,26,88.5225,0,Regular / Mid-Value
12849,168,1,704.5,514,33,704.5,1,At-Risk / Low-Value
12852,194,1,311.55,149,17,311.55,1,At-Risk / Low-Value
12853,34,6,1957.1000000000001,800,66,326.18333333333334,3,High-Value / Loyal
12854,141,2,810.37,422,71,405.185,0,Regular / Mid-Value
12855,272,1,38.1,30,3,38.1,1,At-Risk / Low-Value
12857,110,2,1106.4,343,37,553.2,0,Regular / Mid-Value
12864,38,1,147.12,216,3,147.12,1,At-Risk / Low-Value
12865,23,1,981.38,550,58,981.38,2,Recent / Potential
12866,183,1,559.12,171,26,559.12,1,At-Risk / Low-Value
12867,65,5,2352.45,2601,186,470.48999999999995,0,Regular / Mid-Value
12868,85,6,1607.0600000000002,928,72,267.84333333333336,0,Regular / Mid-Value
12871,107,1,132.0,80,4,132.0,1,At-Risk / Low-Value
12872,226,2,599.97,319,58,299.985,1,At-Risk / Low-Value
12873,182,1,374.0,128,4,374.0,1,At-Risk / Low-Value
12875,43,2,343.2300000000001,2019,1,171.61500000000004,0,Regular / Mid-Value
12876,96,1,726.43,651,34,726.43,1,At-Risk / Low-Value
12877,24,9,1059.23,705,41,117.69222222222223,3,High-Value / Loyal
12878,136,2,854.99,547,38,427.495,0,Regular / Mid-Value
12881,175,1,298.0,21,7,298.0,1,At-Risk / Low-Value
12885,23,1,645.35,346,39,645.35,2,Recent / Potential
12886,119,1,775.0,416,47,775.0,1,At-Risk / Low-Value
12888,114,2,354.12,76,4,177.06,1,At-Risk / Low-Value
12891,85,3,331.0,950,2,110.33333333333333,0,Regular / Mid-Value
12897,104,2,216.5,110,3,108.25,1,At-Risk / Low-Value
12901,8,19,11639.470000000001,12420,29,612.6036842105264,3,High-Value / Loyal
12902,164,1,138.68,66,10,138.68,1,At-Risk / Low-Value
12904,72,1,244.69,165,32,244.69,1,At-Risk / Low-Value
12908,76,2,750.0,1200,1,375.0,0,Regular / Mid-Value
12909,101,3,1528.37,786,55,509.45666666666665,0,Regular / Mid-Value
12910,34,4,1486.9,830,26,371.725,0,Regular / Mid-Value
12913,182,3,866.39,345,12,288.7966666666667,0,Regular / Mid-Value
12915,48,2,363.65,93,19,181.825,0,Regular / Mid-Value
12916,38,4,3006.15,1119,53,751.5375,0,Regular / Mid-Value
12917,28,1,594.0,120,2,594.0,2,Recent / Potential
12919,16,3,441.65,203,12,147.21666666666667,2,Recent / Potential
12921,30,22,8924.55,5441,168,405.6613636363636,3,High-Value / Loyal
12922,61,1,405.38,370,28,405.38,1,At-Risk / Low-Value
12924,98,3,655.27,285,10,218.42333333333332,0,Regular / Mid-Value
12928,47,3,1136.14,690,42,378.71333333333337,0,Regular / Mid-Value
12929,211,1,117.85,37,8,117.85,1,At-Risk / Low-Value
12930,71,1,221.56,108,14,221.56,1,At-Risk / Low-Value
12931,1,11,32530.7,21384,27,2957.336363636364,3,High-Value / Loyal
12933,71,2,357.49,378,48,178.745,1,At-Risk / Low-Value
12935,9,4,1535.34,1268,58,383.835,2,Recent / Potential
12937,97,2,428.23,268,27,214.115,1,At-Risk / Low-Value
12939,38,4,7990.08,3208,20,1997.52,3,High-Value / Loyal
12942,31,3,683.9,203,68,227.96666666666667,0,Regular / Mid-Value
12944,254,1,286.95,145,14,286.95,1,At-Risk / Low-Value
12945,188,1,462.95,165,23,462.95,1,At-Risk / Low-Value
12947,43,6,1603.99,1165,83,267.33166666666665,0,Regular / Mid-Value
12948,5,4,1423.96,799,64,355.99,2,Recent / Potential
12949,14,7,3449.42,2048,144,492.7742857142857,3,High-Value / Loyal
12951,73,5,751.78,331,39,150.356,0,Regular / Mid-Value
12955,43,5,1346.9199999999998,1102,42,269.38399999999996,0,Regular / Mid-Value
12956,206,1,108.07,34,19,108.07,1,At-Risk / Low-Value
12957,86,4,1715.29,1248,97,428.8225,0,Regular / Mid-Value
12962,13,1,170.54000000000002,78,11,170.54000000000002,2,Recent / Potential
12963,265,1,365.8,172,16,365.8,1,At-Risk / Low-Value
12967,258,2,1660.9,438,19,830.45,0,Regular / Mid-Value
12968,12,1,135.95,73,5,135.95,2,Recent / Potential
12970,222,2,23.8,8,8,11.9,1,At-Risk / Low-Value
12971,7,61,7854.76,5668,80,128.7665573770492,3,High-Value / Loyal
12974,97,1,144.8,24,8,144.8,1,At-Risk / Low-Value
12976,111,1,738.6,561,22,738.6,1,At-Risk / Low-Value
12977,56,1,39.239999999999995,12,9,39.239999999999995,1,At-Risk / Low-Value
12980,57,9,7374.900000000001,886,6,819.4333333333334,3,High-Value / Loyal
12981,33,1,187.18,134,11,187.18,1,At-Risk / Low-Value
12982,142,1,390.54,288,28,390.54,1,At-Risk / Low-Value
12987,97,1,304.3,108,14,304.3,1,At-Risk / Low-Value
12988,192,1,535.32,136,75,535.32,1,At-Risk / Low-Value
12989,57,8,4469.14,2046,14,558.6425,3,High-Value / Loyal
12990,85,2,263.9,130,5,131.95,1,At-Risk / Low-Value
12991,12,1,303.56,361,22,303.56,2,Recent / Potential
12993,20,3,372.4,204,23,124.13333333333333,2,Recent / Potential
12994,20,2,645.47,303,38,322.735,2,Recent / Potential
12997,136,2,608.47,300,30,304.235,0,Regular / Mid-Value
12999,96,3,455.88,342,25,151.96,0,Regular / Mid-Value
13000,6,3,534.85,379,30,178.28333333333333,2,Recent / Potential
13001,58,11,8615.42,4879,154,783.22,3,High-Value / Loyal
13002,218,1,120.94999999999999,73,7,120.94999999999999,1,At-Risk / Low-Value
13003,5,3,149.05,103,4,49.68333333333334,2,Recent / Potential
13004,14,12,3785.09,3275,193,315.4241666666667,3,High-Value / Loyal
13005,73,2,513.7,172,21,256.85,0,Regular / Mid-Value
13008,223,1,229.46999999999997,175,14,229.46999999999997,1,At-Risk / Low-Value
13011,272,1,50.550000000000004,13,3,50.550000000000004,1,At-Risk / Low-Value
13012,48,4,1012.3100000000001,511,42,253.07750000000001,0,Regular / Mid-Value
13013,7,8,3382.79,1672,130,422.84875,3,High-Value / Loyal
13014,13,5,2022.48,616,53,404.496,3,High-Value / Loyal
13015,97,4,1763.04,705,80,440.76,0,Regular / Mid-Value
13016,23,1,425.25,315,28,425.25,2,Recent / Potential
13018,22,17,4788.85,3576,227,281.69705882352946,3,High-Value / Loyal
13021,66,4,1152.47,527,48,288.1175,0,Regular / Mid-Value
13023,29,1,336.40000000000003,159,20,336.40000000000003,2,Recent / Potential
13026,120,2,243.71999999999997,348,5,121.85999999999999,1,At-Risk / Low-Value
13027,13,6,6912.0,17280,6,1152.0,3,High-Value / Loyal
13029,38,2,773.1999999999999,92,6,386.59999999999997,0,Regular / Mid-Value
13030,268,1,427.74,204,50,427.74,1,At-Risk / Low-Value
13033,257,1,190.55,83,11,190.55,1,At-Risk / Low-Value
13034,269,1,165.86,116,11,165.86,1,At-Risk / Low-Value
13035,160,1,333.0,212,12,333.0,1,At-Risk / Low-Value
13037,38,3,881.07,431,44,293.69,0,Regular / Mid-Value
13038,83,2,591.76,280,22,295.88,0,Regular / Mid-Value
13043,173,1,516.42,254,13,516.42,1,At-Risk / Low-Value
13044,191,1,560.47,429,33,560.47,1,At-Risk / Low-Value
13046,166,1,197.72,76,14,197.72,1,At-Risk / Low-Value
13047,27,8,2682.01,1164,84,335.25125,3,High-Value / Loyal
13048,13,3,1375.05,957,69,458.34999999999997,2,Recent / Potential
13049,218,1,153.78,78,7,153.78,1,At-Risk / Low-Value
13050,6,13,4509.74,2707,211,346.9030769230769,3,High-Value / Loyal
13052,112,1,348.15000000000003,222,18,348.15000000000003,1,At-Risk / Low-Value
13055,113,1,344.86,252,22,344.86,1,At-Risk / Low-Value
13058,51,1,47.550000000000004,9,3,47.550000000000004,1,At-Risk / Low-Value
13059,149,1,183.4,35,8,183.4,1,At-Risk / Low-Value
13060,153,1,307.53,123,15,307.53,1,At-Risk / Low-Value
13062,91,1,346.98,343,11,346.98,1,At-Risk / Low-Value
13064,52,2,659.25,284,31,329.625,0,Regular / Mid-Value
13065,273,1,205.86,74,14,205.86,1,At-Risk / Low-Value
13068,219,1,165.0,100,1,165.0,1,At-Risk / Low-Value
13069,19,19,3397.94,3479,228,178.83894736842106,3,High-Value / Loyal
13070,92,1,228.8,110,9,228.8,1,At-Risk / Low-Value
13072,166,1,177.15,69,7,177.15,1,At-Risk / Low-Value
13075,29,1,919.61,485,22,919.61,2,Recent / Potential
13077,190,3,577.44,607,61,192.48000000000002,0,Regular / Mid-Value
13078,6,15,6917.150000000001,2500,81,461.1433333333334,3,High-Value / Loyal
13079,40,1,23.8,4,1,23.8,1,At-Risk / Low-Value
13080,79,1,58.08,120,6,58.08,1,At-Risk / Low-Value
13081,43,8,18870.12,12665,424,2358.765,3,High-Value / Loyal
13082,26,9,3613.63,4324,63,401.51444444444445,3,High-Value / Loyal
13085,57,2,416.08000000000004,216,17,208.04000000000002,0,Regular / Mid-Value
13089,0,69,39010.65,21613,512,565.3717391304348,3,High-Value / Loyal
13090,36,9,4912.02,1133,56,545.7800000000001,3,High-Value / Loyal
13092,111,4,439.75,95,15,109.9375,0,Regular / Mid-Value
13093,175,8,7832.47,3961,97,979.05875,0,Regular / Mid-Value
13094,29,10,1545.72,1356,4,154.572,3,High-Value / Loyal
13097,22,8,4643.71,1864,181,580.46375,3,High-Value / Loyal
13098,13,17,14468.08,8251,110,851.0635294117646,3,High-Value / Loyal
13101,134,1,101.19,113,8,101.19,1,At-Risk / Low-Value
13102,33,19,4961.7,3361,112,261.1421052631579,3,High-Value / Loyal
13104,33,3,376.44,180,3,125.48,2,Recent / Potential
13106,33,1,76.5,18,1,76.5,1,At-Risk / Low-Value
13107,75,2,935.22,816,36,467.61,0,Regular / Mid-Value
13108,272,1,350.06,298,10,350.06,1,At-Risk / Low-Value
13109,57,1,369.85,260,24,369.85,1,At-Risk / Low-Value
13110,37,5,1042.24,274,79,208.448,0,Regular / Mid-Value
13113,13,20,10787.06,2616,93,539.353,3,High-Value / Loyal
13115,84,1,878.55,621,55,878.55,0,Regular / Mid-Value
13116,38,1,501.14,291,30,501.14,2,Recent / Potential
13117,21,7,841.77,703,57,120.25285714285714,3,High-Value / Loyal
13118,108,3,799.7,274,40,266.56666666666666,0,Regular / Mid-Value
13120,138,1,30.599999999999998,12,1,30.599999999999998,1,At-Risk / Low-Value
13121,169,1,283.73,252,50,283.73,1,At-Risk / Low-Value
13122,140,1,903.67,537,54,903.67,1,At-Risk / Low-Value
13124,152,2,2574.12,1623,131,1287.06,0,Regular / Mid-Value
13126,153,5,1077.42,1062,61,215.484,0,Regular / Mid-Value
13131,87,1,324.9,128,14,324.9,1,At-Risk / Low-Value
13132,161,1,77.3,20,3,77.3,1,At-Risk / Low-Value
13133,173,2,109.8,32,7,54.9,1,At-Risk / Low-Value
13134,83,3,885.74,330,42,295.24666666666667,0,Regular / Mid-Value
13135,96,1,3096.0,4300,1,3096.0,0,Regular / Mid-Value
13136,42,3,1226.68,677,55,408.8933333333334,0,Regular / Mid-Value
13137,3,4,1457.75,888,211,364.4375,2,Recent / Potential
13138,33,3,489.45,243,22,163.15,0,Regular / Mid-Value
13139,9,3,1710.94,726,39,570.3133333333334,2,Recent / Potential
13140,8,3,423.72,186,40,141.24,2,Recent / Potential
13141,114,4,1401.03,942,77,350.2575,0,Regular / Mid-Value
13144,232,1,110.95,21,3,110.95,1,At-Risk / Low-Value
13145,27,2,413.8,25,2,206.9,2,Recent / Potential
13148,33,10,2789.87,1380,173,278.98699999999997,3,High-Value / Loyal
13149,6,3,1132.62,884,58,377.53999999999996,2,Recent / Potential
13151,195,1,1257.8700000000001,363,73,1257.8700000000001,0,Regular / Mid-Value
13155,226,2,569.2,262,55,284.6,1,At-Risk / Low-Value
13157,41,3,873.1999999999999,788,32,291.06666666666666,0,Regular / Mid-Value
13158,19,3,868.17,519,47,289.39,2,Recent / Potential
13159,6,2,851.59,628,75,425.795,2,Recent / Potential
13161,213,1,112.75,29,8,112.75,1,At-Risk / Low-Value
13162,22,4,1688.29,1713,74,422.0725,0,Regular / Mid-Value
13165,251,1,354.64,496,13,354.64,1,At-Risk / Low-Value
13166,183,1,417.2,216,39,417.2,1,At-Risk / Low-Value
13167,30,2,417.55,447,33,208.775,2,Recent / Potential
13168,99,3,972.66,557,94,324.21999999999997,0,Regular / Mid-Value
13169,152,1,505.2,96,6,505.2,1,At-Risk / Low-Value
13171,199,1,140.35,53,23,140.35,1,At-Risk / Low-Value
13173,267,1,165.94,114,23,165.94,1,At-Risk / Low-Value
13174,216,2,2108.27,970,178,1054.135,0,Regular / Mid-Value
13178,33,8,4391.7300000000005,2599,81,548.9662500000001,3,High-Value / Loyal
13183,1,6,2394.98,1448,50,399.16333333333336,3,High-Value / Loyal
13184,30,9,1504.44,1567,122,167.16,3,High-Value / Loyal
13185,167,1,71.4,12,1,71.4,1,At-Risk / Low-Value
13186,28,1,988.34,360,51,988.34,2,Recent / Potential
13187,237,1,236.02,95,37,236.02,1,At-Risk / Low-Value
13189,15,1,127.0,526,18,127.0,2,Recent / Potential
13192,105,1,464.32,298,33,464.32,1,At-Risk / Low-Value
13194,35,1,60.7,26,3,60.7,1,At-Risk / Low-Value
13196,162,1,512.13,320,34,512.13,1,At-Risk / Low-Value
13198,20,5,3009.18,2369,182,601.836,3,High-Value / Loyal
13199,3,21,4553.84,3492,29,216.84952380952382,3,High-Value / Loyal
13200,26,1,319.32,249,14,319.32,2,Recent / Potential
13203,20,2,309.86,274,20,154.93,2,Recent / Potential
13207,50,1,197.52000000000004,72,5,197.52000000000004,1,At-Risk / Low-Value
13208,55,4,835.0699999999999,573,97,208.76749999999998,0,Regular / Mid-Value
13209,28,5,4156.08,3255,200,831.216,3,High-Value / Loyal
13211,261,1,110.7,46,2,110.7,1,At-Risk / Low-Value
13213,28,4,963.88,478,44,240.97,0,Regular / Mid-Value
13216,167,1,333.74,297,5,333.74,1,At-Risk / Low-Value
13217,22,3,533.98,262,3,177.99333333333334,2,Recent / Potential
13218,27,1,62.63999999999999,88,5,62.63999999999999,1,At-Risk / Low-Value
13220,85,3,726.49,132,15,242.16333333333333,0,Regular / Mid-Value
13221,140,2,847.41,244,62,423.705,0,Regular / Mid-Value
13223,100,2,163.20000000000002,88,5,81.60000000000001,1,At-Risk / Low-Value
13224,51,1,1212.26,665,42,1212.26,0,Regular / Mid-Value
13225,43,5,4299.56,2164,15,859.912,3,High-Value / Loyal
13226,173,1,108.21000000000001,80,16,108.21000000000001,1,At-Risk / Low-Value
13227,101,1,257.7,99,9,257.7,1,At-Risk / Low-Value
13229,125,1,160.95,63,10,160.95,1,At-Risk / Low-Value
13230,38,12,2234.18,1353,302,186.18166666666664,3,High-Value / Loyal
13232,80,4,878.45,549,105,219.6125,0,Regular / Mid-Value
13233,236,1,304.24,404,17,304.24,1,At-Risk / Low-Value
13235,112,1,1031.07,441,53,1031.07,0,Regular / Mid-Value
13236,6,1,439.23,168,21,439.23,2,Recent / Potential
13238,63,2,318.85,137,14,159.425,1,At-Risk / Low-Value
13239,161,1,329.56,327,21,329.56,1,At-Risk / Low-Value
13240,73,3,553.61,241,47,184.53666666666666,0,Regular / Mid-Value
13242,12,3,270.40000000000003,130,12,90.13333333333334,2,Recent / Potential
13243,103,1,600.07,233,56,600.07,1,At-Risk / Low-Value
13246,76,5,1860.99,1546,89,372.198,0,Regular / Mid-Value
13248,24,2,465.68,305,25,232.84,2,Recent / Potential
13249,161,1,291.84000000000003,240,2,291.84000000000003,1,At-Risk / Low-Value
13253,56,2,1030.4,1572,35,515.2,0,Regular / Mid-Value
13255,273,1,225.7,110,6,225.7,1,At-Risk / Low-Value
13258,105,1,224.62,82,12,224.62,1,At-Risk / Low-Value
13261,168,2,944.1,210,8,472.05,0,Regular / Mid-Value
13262,163,1,200.29,125,11,200.29,1,At-Risk / Low-Value
13263,8,23,4870.68,2806,358,211.76869565217393,3,High-Value / Loyal
13265,83,3,1465.66,1138,44,488.55333333333334,0,Regular / Mid-Value
13266,12,8,2535.58,3060,54,316.9475,3,High-Value / Loyal
13267,10,14,2800.94,1212,64,200.06714285714287,3,High-Value / Loyal
13268,69,6,2150.25,2518,206,358.375,0,Regular / Mid-Value
13269,9,8,2981.45,2015,133,372.68125,3,High-Value / Loyal
13270,266,1,590.0,200,1,590.0,1,At-Risk / Low-Value
13273,13,1,138.98,153,16,138.98,2,Recent / Potential
13277,16,2,125.9,86,4,62.95,2,Recent / Potential
13280,22,3,814.86,522,67,271.62,2,Recent / Potential
13282,62,2,773.1,172,15,386.55,0,Regular / Mid-Value
13283,85,1,25.5,30,2,25.5,1,At-Risk / Low-Value
13284,230,1,201.19,91,13,201.19,1,At-Risk / Low-Value
13285,61,3,1970.1,1454,122,656.6999999999999,0,Regular / Mid-Value
13291,55,1,361.11,233,41,361.11,1,At-Risk / Low-Value
13292,184,1,249.57,133,14,249.57,1,At-Risk / Low-Value
13294,89,2,873.74,453,48,436.87,0,Regular / Mid-Value
13295,259,1,201.20000000000002,82,10,201.20000000000002,1,At-Risk / Low-Value
13296,37,1,87.4,78,5,87.4,1,At-Risk / Low-Value
13299,168,1,142.5,30,5,142.5,1,At-Risk / Low-Value
13300,69,1,371.89,203,20,371.89,1,At-Risk / Low-Value
13301,3,4,618.09,345,75,154.5225,2,Recent / Potential
13302,55,1,63.75,5,1,63.75,1,At-Risk / Low-Value
13304,251,1,300.42,238,21,300.42,1,At-Risk / Low-Value
13305,15,6,1085.75,697,27,180.95833333333334,3,High-Value / Loyal
13307,20,1,15.0,4,1,15.0,1,At-Risk / Low-Value
13308,103,1,814.95,519,26,814.95,1,At-Risk / Low-Value
13309,106,2,546.64,616,43,273.32,0,Regular / Mid-Value
13310,106,2,817.65,395,50,408.825,0,Regular / Mid-Value
13311,50,1,490.11,271,24,490.11,1,At-Risk / Low-Value
13313,41,3,918.34,487,32,306.11333333333334,0,Regular / Mid-Value
13316,31,2,3779.98,5717,40,1889.99,0,Regular / Mid-Value
13317,98,5,1313.98,500,56,262.796,0,Regular / Mid-Value
13319,13,18,6897.070000000001,2973,158,383.1705555555556,3,High-Value / Loyal
13320,6,3,981.15,787,59,327.05,2,Recent / Potential
13324,103,7,3798.99,2473,17,542.7128571428572,0,Regular / Mid-Value
13327,12,7,2738.75,1256,60,391.25,3,High-Value / Loyal
13328,216,1,1308.48,680,17,1308.48,0,Regular / Mid-Value
13329,266,1,304.2,175,7,304.2,1,At-Risk / Low-Value
13330,85,2,728.22,400,22,364.11,0,Regular / Mid-Value
13334,90,2,2731.84,1350,176,1365.92,0,Regular / Mid-Value
13338,57,1,487.02,256,19,487.02,1,At-Risk / Low-Value
13339,100,1,860.12,326,54,860.12,1,At-Risk / Low-Value
13340,5,5,9229.54,5148,111,1845.9080000000001,3,High-Value / Loyal
13341,160,1,775.85,301,42,775.85,1,At-Risk / Low-Value
13343,77,1,353.43,135,19,353.43,1,At-Risk / Low-Value
13344,177,1,1656.15,599,68,1656.15,0,Regular / Mid-Value
13345,187,1,389.5,141,20,389.5,1,At-Risk / Low-Value
13355,22,1,674.7,314,32,674.7,2,Recent / Potential
13357,157,1,609.95,322,85,609.95,1,At-Risk / Low-Value
13358,168,1,439.03,285,29,439.03,1,At-Risk / Low-Value
13362,145,2,1581.53,727,92,790.765,0,Regular / Mid-Value
13365,117,1,700.6,404,39,700.6,1,At-Risk / Low-Value
13368,156,2,623.4,327,29,311.7,0,Regular / Mid-Value
13369,265,1,308.28000000000003,149,14,308.28000000000003,1,At-Risk / Low-Value
13370,271,1,754.87,343,39,754.87,1,At-Risk / Low-Value
13373,58,2,2055.58,944,95,1027.79,0,Regular / Mid-Value
13376,103,2,770.0,356,34,385.0,0,Regular / Mid-Value
13379,36,1,136.29,166,13,136.29,1,At-Risk / Low-Value
13381,13,4,2461.33,1251,63,615.3325,3,High-Value / Loyal
13382,180,1,222.99,131,15,222.99,1,At-Risk / Low-Value
13384,28,2,1755.84,1062,70,877.92,0,Regular / Mid-Value
13385,229,1,534.57,281,35,534.57,1,At-Risk / Low-Value
13388,31,2,677.1,282,35,338.55,2,Recent / Potential
13389,132,1,257.89,115,18,257.89,1,At-Risk / Low-Value
13391,103,1,59.8,4,1,59.8,1,At-Risk / Low-Value
13394,15,5,1543.45,1475,76,308.69,3,High-Value / Loyal
13395,85,1,307.72,336,21,307.72,1,At-Risk / Low-Value
13396,219,1,387.27000000000004,139,15,387.27000000000004,1,At-Risk / Low-Value
13397,10,4,1228.19,358,22,307.0475,2,Recent / Potential
13398,92,1,457.34,281,26,457.34,1,At-Risk / Low-Value
13402,27,2,621.23,479,32,310.615,2,Recent / Potential
13404,112,1,217.81,99,9,217.81,1,At-Risk / Low-Value
13405,104,2,557.45,163,24,278.725,0,Regular / Mid-Value
13408,6,40,17408.08,10270,178,435.20200000000006,3,High-Value / Loyal
13410,87,3,545.04,300,11,181.67999999999998,0,Regular / Mid-Value
13411,7,1,213.55,72,17,213.55,2,Recent / Potential
13414,33,3,1390.5,1574,23,463.5,0,Regular / Mid-Value
13417,105,1,236.0,72,10,236.0,1,At-Risk / Low-Value
13418,24,14,4342.13,2684,173,310.15214285714285,3,High-Value / Loyal
13420,49,2,159.85,101,8,79.925,1,At-Risk / Low-Value
13421,190,1,825.04,495,64,825.04,1,At-Risk / Low-Value
13425,8,3,1624.21,1123,66,541.4033333333333,2,Recent / Potential
13426,82,5,1558.68,1199,62,311.736,0,Regular / Mid-Value
13427,20,2,464.86,431,19,232.43,2,Recent / Potential
13435,10,3,1088.1200000000001,894,31,362.7066666666667,2,Recent / Potential
13437,29,3,2024.25,640,105,674.75,0,Regular / Mid-Value
13439,155,1,283.71,242,54,283.71,1,At-Risk / Low-Value
13448,118,4,1423.26,720,65,355.815,0,Regular / Mid-Value
13450,24,4,1421.46,1270,21,355.365,0,Regular / Mid-Value
13451,26,4,2463.39,1764,284,615.8475,0,Regular / Mid-Value
13452,159,2,590.0,2,1,295.0,0,Regular / Mid-Value
13453,65,2,356.97999999999996,134,16,178.48999999999998,1,At-Risk / Low-Value
13455,266,1,692.94,190,30,692.94,1,At-Risk / Low-Value
13456,55,3,855.0600000000001,261,18,285.02000000000004,0,Regular / Mid-Value
13458,35,9,7355.44,4359,199,817.271111111111,3,High-Value / Loyal
13461,38,2,884.2,836,12,442.1,0,Regular / Mid-Value
13462,152,1,151.5,62,9,151.5,1,At-Risk / Low-Value
13466,84,1,307.9,259,17,307.9,1,At-Risk / Low-Value
13468,7,27,4255.53,1805,151,157.61222222222221,3,High-Value / Loyal
13470,15,1,115.5,70,7,115.5,2,Recent / Potential
13473,232,1,241.26,198,12,241.26,1,At-Risk / Low-Value
13474,136,1,229.59,132,59,229.59,1,At-Risk / Low-Value
13475,91,4,1431.78,1012,64,357.945,0,Regular / Mid-Value
13476,78,2,1238.47,417,56,619.235,0,Regular / Mid-Value
13477,38,4,899.55,626,38,224.8875,0,Regular / Mid-Value
13479,100,2,300.95,134,14,150.475,1,At-Risk / Low-Value
13481,8,4,1361.33,861,74,340.3325,2,Recent / Potential
13482,132,1,184.64,116,11,184.64,1,At-Risk / Low-Value
13484,141,1,313.8,44,8,313.8,1,At-Risk / Low-Value
13485,133,1,454.24,277,23,454.24,1,At-Risk / Low-Value
13486,28,2,819.61,529,52,409.805,2,Recent / Potential
13487,113,2,408.8,213,21,204.4,1,At-Risk / Low-Value
13488,20,9,6596.38,3232,231,732.9311111111111,3,High-Value / Loyal
13489,5,4,449.52,560,11,112.38,2,Recent / Potential
13491,47,9,1088.45,812,66,120.9388888888889,3,High-Value / Loyal
13492,36,3,1269.84,408,38,423.28,0,Regular / Mid-Value
13493,175,2,618.63,380,6,309.315,0,Regular / Mid-Value
13494,211,1,316.26000000000005,162,18,316.26000000000005,1,At-Risk / Low-Value
13495,132,3,1072.43,485,20,357.4766666666667,0,Regular / Mid-Value
13496,259,1,501.01,229,26,501.01,1,At-Risk / Low-Value
13497,182,2,348.05,163,19,174.025,1,At-Risk / Low-Value
13499,125,2,463.79,265,18,231.895,1,At-Risk / Low-Value
13500,22,1,326.4,128,20,326.4,2,Recent / Potential
13501,188,1,1340.32,560,52,1340.32,0,Regular / Mid-Value
13502,174,2,189.16,110,9,94.58,1,At-Risk / Low-Value
13505,66,3,2583.12,1261,110,861.04,0,Regular / Mid-Value
13506,216,2,458.52,324,26,229.26,1,At-Risk / Low-Value
13507,7,2,1636.47,1040,107,818.235,2,Recent / Potential
13508,143,1,110.97,24,12,110.97,1,At-Risk / Low-Value
13509,49,4,665.02,767,24,166.255,0,Regular / Mid-Value
13510,83,1,585.3199999999999,421,38,585.3199999999999,1,At-Risk / Low-Value
13512,160,1,251.21,143,15,251.21,1,At-Risk / Low-Value
13513,26,1,205.1,109,10,205.1,2,Recent / Potential
13515,17,3,523.96,473,30,174.65333333333334,2,Recent / Potential
13516,138,1,146.0,56,7,146.0,1,At-Risk / Low-Value
13517,6,2,1612.18,981,99,806.09,2,Recent / Potential
13520,37,5,2947.98,1312,40,589.596,0,Regular / Mid-Value
13523,99,3,2369.24,828,92,789.7466666666666,0,Regular / Mid-Value
13524,1,3,408.86,187,14,136.28666666666666,2,Recent / Potential
13525,148,1,282.88,208,2,282.88,1,At-Risk / Low-Value
13527,5,4,1366.42,1290,110,341.605,2,Recent / Potential
13529,104,1,181.1,30,7,181.1,1,At-Risk / Low-Value
13531,105,2,483.8,174,17,241.9,0,Regular / Mid-Value
13533,82,3,270.79,204,61,90.26333333333334,1,At-Risk / Low-Value
13534,7,21,4371.53,2242,101,208.16809523809522,3,High-Value / Loyal
13538,20,5,891.75,125,8,178.35,2,Recent / Potential
13539,140,2,315.65,231,21,157.825,1,At-Risk / Low-Value
13544,140,1,122.91,75,42,122.91,1,At-Risk / Low-Value
13546,100,1,188.16,109,26,188.16,1,At-Risk / Low-Value
13548,143,1,281.01,164,59,281.01,1,At-Risk / Low-Value
13549,42,5,762.05,411,34,152.41,0,Regular / Mid-Value
13551,219,1,91.80000000000001,12,4,91.80000000000001,1,At-Risk / Low-Value
13552,23,9,2762.91,1024,61,306.99,3,High-Value / Loyal
13555,101,2,1590.05,868,55,795.025,0,Regular / Mid-Value
13557,180,1,240.68,224,16,240.68,1,At-Risk / Low-Value
13561,115,1,141.85999999999999,83,14,141.85999999999999,1,At-Risk / Low-Value
13562,41,2,1209.73,527,44,604.865,0,Regular / Mid-Value
13563,40,1,310.88,146,39,310.88,1,At-Risk / Low-Value
13564,44,3,1749.02,661,68,583.0066666666667,0,Regular / Mid-Value
13565,234,1,110.17999999999999,78,13,110.17999999999999,1,At-Risk / Low-Value
13568,73,1,192.85,70,41,192.85,1,At-Risk / Low-Value
13569,267,1,118.32,44,23,118.32,1,At-Risk / Low-Value
13570,143,1,239.49,161,27,239.49,1,At-Risk / Low-Value
13571,27,6,801.15,672,89,133.525,0,Regular / Mid-Value
13572,105,1,1384.25,534,32,1384.25,0,Regular / Mid-Value
13573,153,1,31.770000000000003,10,3,31.770000000000003,1,At-Risk / Low-Value
13575,33,2,218.75,113,13,109.375,2,Recent / Potential
13576,13,12,4517.21,1718,38,376.43416666666667,3,High-Value / Loyal
13577,48,2,822.1,337,43,411.05,0,Regular / Mid-Value
13579,269,1,164.70000000000002,46,9,164.70000000000002,1,At-Risk / Low-Value
13581,209,1,118.0,30,10,118.0,1,At-Risk / Low-Value
13583,55,1,781.03,725,53,781.03,0,Regular / Mid-Value
13584,206,1,142.4,37,24,142.4,1,At-Risk / Low-Value
13588,20,3,1075.62,1118,80,358.53999999999996,2,Recent / Potential
13589,79,1,147.0,28,9,147.0,1,At-Risk / Low-Value
13590,50,4,1116.38,900,46,279.095,0,Regular / Mid-Value
13591,104,2,776.23,263,36,388.115,0,Regular / Mid-Value
13592,105,3,205.51,71,12,68.50333333333333,1,At-Risk / Low-Value
13593,8,5,2037.0800000000002,731,77,407.41600000000005,3,High-Value / Loyal
13599,56,8,2313.84,1531,71,289.23,3,High-Value / Loyal
13600,212,1,219.52,324,19,219.52,1,At-Risk / Low-Value
13601,111,1,373.2,275,41,373.2,1,At-Risk / Low-Value
13606,143,2,250.42,243,37,125.21,1,At-Risk / Low-Value
13610,10,5,776.21,372,140,155.24200000000002,2,Recent / Potential
13611,70,2,636.72,420,31,318.36,0,Regular / Mid-Value
13614,64,2,794.98,247,82,397.49,0,Regular / Mid-Value
13615,218,1,417.69,189,23,417.69,1,At-Risk / Low-Value
13617,13,2,365.7,188,23,182.85,2,Recent / Potential
13618,73,1,177.34,246,13,177.34,1,At-Risk / Low-Value
13621,16,1,213.85,343,19,213.85,2,Recent / Potential
13623,110,4,551.92,150,61,137.98,0,Regular / Mid-Value
13626,152,1,257.23,209,19,257.23,1,At-Risk / Low-Value
13627,76,3,1027.0,775,62,342.3333333333333,0,Regular / Mid-Value
13629,36,7,4897.36,2772,27,699.6228571428571,3,High-Value / Loyal
13630,5,5,1361.46,973,49,272.29200000000003,3,High-Value / Loyal
13631,43,10,3017.92,460,6,301.79200000000003,3,High-Value / Loyal
13632,73,3,814.6,316,70,271.53333333333336,0,Regular / Mid-Value
13634,6,3,783.77,351,73,261.25666666666666,2,Recent / Potential
13636,22,4,646.55,339,36,161.6375,2,Recent / Potential
13637,87,2,684.85,354,75,342.425,0,Regular / Mid-Value
13642,115,1,354.8,173,57,354.8,1,At-Risk / Low-Value
13643,85,1,87.9,60,6,87.9,1,At-Risk / Low-Value
13644,5,1,851.09,659,48,851.09,2,Recent / Potential
13645,20,1,252.1,158,5,252.1,2,Recent / Potential
13647,75,2,803.86,441,33,401.93,0,Regular / Mid-Value
13649,156,2,346.6,139,23,173.3,1,At-Risk / Low-Value
13650,107,2,745.52,284,33,372.76,0,Regular / Mid-Value
13652,156,2,638.24,290,33,319.12,0,Regular / Mid-Value
13654,45,4,1714.27,1532,100,428.5675,0,Regular / Mid-Value
13655,14,2,932.97,605,52,466.485,2,Recent / Potential
13656,64,2,379.65,490,49,189.825,1,At-Risk / Low-Value
13657,101,1,152.34,132,9,152.34,1,At-Risk / Low-Value
13658,104,1,933.3,300,32,933.3,0,Regular / Mid-Value
13659,105,2,1573.2,894,92,786.6,0,Regular / Mid-Value
13662,112,2,532.94,363,33,266.47,0,Regular / Mid-Value
13663,79,1,189.47,91,13,189.47,1,At-Risk / Low-Value
13666,187,2,64.05,37,8,32.025,1,At-Risk / Low-Value
13667,49,1,305.02,154,82,305.02,1,At-Risk / Low-Value
13668,13,16,4934.87,2952,218,308.429375,3,High-Value / Loyal
13669,49,1,48.150000000000006,13,3,48.150000000000006,1,At-Risk / Low-Value
13672,201,2,186.39000000000001,57,4,93.19500000000001,1,At-Risk / Low-Value
13675,51,2,486.82000000000005,330,25,243.41000000000003,0,Regular / Mid-Value
13678,51,1,232.6,924,16,232.6,1,At-Risk / Low-Value
13680,237,2,2391.59,1195,69,1195.795,0,Regular / Mid-Value
13681,55,1,203.46,96,13,203.46,1,At-Risk / Low-Value
13682,87,1,59.5,10,3,59.5,1,At-Risk / Low-Value
13684,185,1,67.23,39,29,67.23,1,At-Risk / Low-Value
13686,82,1,72.0,70,8,72.0,1,At-Risk / Low-Value
13692,113,2,871.58,735,32,435.79,0,Regular / Mid-Value
13694,7,39,45911.64,48830,309,1177.2215384615386,3,High-Value / Loyal
13695,19,11,1385.53,914,30,125.95727272727272,3,High-Value / Loyal
13699,55,1,308.58000000000004,66,14,308.58000000000004,1,At-Risk / Low-Value
13700,76,6,1245.8,1559,86,207.63333333333333,0,Regular / Mid-Value
13703,218,1,99.5,10,1,99.5,1,At-Risk / Low-Value
13705,44,2,522.68,237,20,261.34,0,Regular / Mid-Value
13706,202,1,330.79,189,20,330.79,1,At-Risk / Low-Value
13707,167,2,806.41,351,48,403.205,0,Regular / Mid-Value
13708,171,1,296.88,306,49,296.88,1,At-Risk / Low-Value
13709,1,5,2939.21,1898,125,587.842,3,High-Value / Loyal
13711,118,2,252.06,140,11,126.03,1,At-Risk / Low-Value
13712,146,1,228.84,352,10,228.84,1,At-Risk / Low-Value
13715,181,5,1079.34,563,89,215.868,0,Regular / Mid-Value
13716,169,1,138.28,138,21,138.28,1,At-Risk / Low-Value
13717,28,4,955.99,1567,64,238.9975,0,Regular / Mid-Value
13718,146,2,306.55,173,9,153.275,1,At-Risk / Low-Value
13719,105,2,338.74,186,19,169.37,1,At-Risk / Low-Value
13720,16,4,799.9,501,42,199.975,2,Recent / Potential
13722,31,3,2375.41,1401,75,791.8033333333333,0,Regular / Mid-Value
13723,117,1,199.85000000000002,43,6,199.85000000000002,1,At-Risk / Low-Value
13725,69,7,1865.7,724,86,266.5285714285714,0,Regular / Mid-Value
13726,0,1,292.68,384,23,292.68,2,Recent / Potential
13728,7,5,797.02,354,29,159.404,2,Recent / Potential
13730,35,2,752.6,488,38,376.3,0,Regular / Mid-Value
13731,119,2,610.59,278,36,305.295,0,Regular / Mid-Value
13735,75,2,1409.69,719,88,704.845,0,Regular / Mid-Value
13736,160,1,357.53,228,73,357.53,1,At-Risk / Low-Value
13737,100,1,339.59999999999997,125,29,339.59999999999997,1,At-Risk / Low-Value
13740,140,1,350.75,425,23,350.75,1,At-Risk / Low-Value
13741,83,2,363.13,143,20,181.565,1,At-Risk / Low-Value
13742,62,10,2648.7200000000003,971,163,264.872,3,High-Value / Loyal
13743,7,5,912.1199999999999,1212,8,182.42399999999998,2,Recent / Potential
13744,192,1,893.16,995,44,893.16,1,At-Risk / Low-Value
13745,62,1,300.04,496,25,300.04,1,At-Risk / Low-Value
13747,273,1,79.6,8,1,79.6,1,At-Risk / Low-Value
13748,132,3,580.85,223,11,193.61666666666667,0,Regular / Mid-Value
13750,40,4,1316.63,431,16,329.1575,0,Regular / Mid-Value
13751,188,1,296.25,152,9,296.25,1,At-Risk / Low-Value
13752,24,6,1186.28,876,64,197.71333333333334,3,High-Value / Loyal
13753,187,1,741.26,512,35,741.26,1,At-Risk / Low-Value
13754,51,2,282.59999999999997,214,11,141.29999999999998,1,At-Risk / Low-Value
13756,29,7,2558.34,1638,47,365.4771428571429,3,High-Value / Loyal
13758,101,5,2351.52,1493,87,470.304,0,Regular / Mid-Value
13760,156,1,135.09,96,28,135.09,1,At-Risk / Low-Value
13761,79,1,491.71000000000004,224,32,491.71000000000004,1,At-Risk / Low-Value
13762,118,1,306.72,272,7,306.72,1,At-Risk / Low-Value
13764,44,2,945.63,590,123,472.815,0,Regular / Mid-Value
13767,8,28,9676.37,3933,50,345.5846428571429,3,High-Value / Loyal
13769,22,6,1730.24,708,55,288.37333333333333,3,High-Value / Loyal
13771,99,2,1464.8500000000001,825,65,732.4250000000001,0,Regular / Mid-Value
13772,139,1,228.42,86,36,228.42,1,At-Risk / Low-Value
13777,29,24,12360.24,5959,35,515.01,3,High-Value / Loyal
13778,3,1,178.7,70,9,178.7,2,Recent / Potential
13780,70,1,116.28000000000002,173,9,116.28000000000002,1,At-Risk / Low-Value
13781,150,1,127.84,30,17,127.84,1,At-Risk / Low-Value
13782,24,3,487.93,186,59,162.64333333333335,2,Recent / Potential
13784,13,8,1968.63,1833,9,246.07875,3,High-Value / Loyal
13786,267,1,230.39999999999998,136,7,230.39999999999998,1,At-Risk / Low-Value
13787,264,1,106.4,56,7,106.4,1,At-Risk / Low-Value
13791,27,2,1516.0,1200,7,758.0,0,Regular / Mid-Value
13792,187,1,74.60000000000001,28,4,74.60000000000001,1,At-Risk / Low-Value
13798,7,41,28066.24,17638,95,684.5424390243903,3,High-Value / Loyal
13799,16,2,688.86,402,32,344.43,2,Recent / Potential
13800,209,1,558.32,331,33,558.32,1,At-Risk / Low-Value
13802,38,3,4599.42,2572,55,1533.14,0,Regular / Mid-Value
13803,155,1,277.07,121,17,277.07,1,At-Risk / Low-Value
13804,41,3,1355.11,791,74,451.7033333333333,0,Regular / Mid-Value
13805,29,1,500.24,728,6,500.24,2,Recent / Potential
13807,267,1,112.6,36,7,112.6,1,At-Risk / Low-Value
13809,205,1,155.05,29,11,155.05,1,At-Risk / Low-Value
13811,83,3,814.5,68,7,271.5,0,Regular / Mid-Value
13812,5,1,278.74,191,20,278.74,2,Recent / Potential
13813,34,1,385.14,177,17,385.14,2,Recent / Potential
13814,37,1,617.54,332,31,617.54,2,Recent / Potential
13815,72,2,2977.75,1965,110,1488.875,0,Regular / Mid-Value
13817,251,1,128.7,63,9,128.7,1,At-Risk / Low-Value
13819,201,3,1140.35,1109,26,380.1166666666666,0,Regular / Mid-Value
13821,44,2,385.64,153,51,192.82,0,Regular / Mid-Value
13824,35,4,1429.84,660,26,357.46,0,Regular / Mid-Value
13826,76,1,189.5,82,10,189.5,1,At-Risk / Low-Value
13827,33,2,300.76,95,59,150.38,2,Recent / Potential
13831,38,4,1455.3899999999999,517,57,363.84749999999997,0,Regular / Mid-Value
13833,59,1,384.8,118,28,384.8,1,At-Risk / Low-Value
13835,55,2,537.34,291,28,268.67,0,Regular / Mid-Value
13837,111,2,271.24,183,17,135.62,1,At-Risk / Low-Value
13838,17,3,479.59,169,106,159.86333333333332,2,Recent / Potential
13841,152,1,85.0,100,1,85.0,1,At-Risk / Low-Value
13842,55,7,2165.27,893,96,309.32428571428574,0,Regular / Mid-Value
13846,142,2,663.9300000000001,345,43,331.96500000000003,0,Regular / Mid-Value
13848,197,2,935.0,2700,3,467.5,0,Regular / Mid-Value
13849,70,1,593.5799999999999,332,38,593.5799999999999,1,At-Risk / Low-Value
13850,29,1,1595.48,944,93,1595.48,2,Recent / Potential
13851,28,2,1353.28,1023,65,676.64,0,Regular / Mid-Value
13854,6,19,6145.16,1742,33,323.4294736842105,3,High-Value / Loyal
13856,68,3,388.5,494,10,129.5,0,Regular / Mid-Value
13859,226,1,201.16,129,27,201.16,1,At-Risk / Low-Value
13862,8,6,1781.3,1277,77,296.8833333333333,3,High-Value / Loyal
13863,147,1,305.78,224,20,305.78,1,At-Risk / Low-Value
13865,36,3,383.34000000000003,154,23,127.78000000000002,0,Regular / Mid-Value
13867,118,1,138.85,31,8,138.85,1,At-Risk / Low-Value
13869,23,4,3104.95,1721,234,776.2375,3,High-Value / Loyal
13870,1,5,2179.4700000000003,1058,82,435.89400000000006,3,High-Value / Loyal
13871,12,8,4074.2400000000002,1746,116,509.28000000000003,3,High-Value / Loyal
13873,19,3,389.6,140,21,129.86666666666667,2,Recent / Potential
13874,258,1,540.45,180,18,540.45,1,At-Risk / Low-Value
13875,33,4,1424.8,1005,66,356.2,0,Regular / Mid-Value
13880,45,8,1680.76,852,69,210.095,3,High-Value / Loyal
13881,7,9,6969.14,4766,46,774.348888888889,3,High-Value / Loyal
13883,118,4,1742.78,904,94,435.695,0,Regular / Mid-Value
13884,177,3,196.25,65,10,65.41666666666667,1,At-Risk / Low-Value
13885,89,2,506.8,182,28,253.4,0,Regular / Mid-Value
13887,104,1,349.55,147,19,349.55,1,At-Risk / Low-Value
13888,19,2,605.63,258,38,302.815,2,Recent / Potential
13890,7,2,501.11,271,25,250.555,2,Recent / Potential
13892,146,1,54.519999999999996,140,3,54.519999999999996,1,At-Risk / Low-Value
13893,197,1,821.1,190,21,821.1,1,At-Risk / Low-Value
13894,210,1,160.85,105,10,160.85,1,At-Risk / Low-Value
13895,43,2,937.3000000000001,436,39,468.65000000000003,0,Regular / Mid-Value
13898,225,1,155.93,133,12,155.93,1,At-Risk / Low-Value
13899,174,1,298.5,122,15,298.5,1,At-Risk / Low-Value
13900,83,3,740.95,430,42,246.98333333333335,0,Regular / Mid-Value
13901,7,4,2652.28,1547,129,663.07,3,High-Value / Loyal
13904,194,1,201.12,223,17,201.12,1,At-Risk / Low-Value
13908,26,3,1461.61,919,65,487.2033333333333,0,Regular / Mid-Value
13911,44,8,2437.63,2189,120,304.70375,3,High-Value / Loyal
13917,91,1,65.38,38,5,65.38,1,At-Risk / Low-Value
13918,153,1,198.2,100,8,198.2,1,At-Risk / Low-Value
13919,21,1,213.15,338,16,213.15,2,Recent / Potential
13922,251,1,172.25,93,7,172.25,1,At-Risk / Low-Value
13925,21,2,496.05,267,25,248.025,2,Recent / Potential
13928,6,2,225.45000000000002,87,13,112.72500000000001,2,Recent / Potential
13929,69,2,842.65,143,8,421.325,0,Regular / Mid-Value
13930,36,1,210.0,210,10,210.0,1,At-Risk / Low-Value
13931,180,1,378.21000000000004,211,20,378.21000000000004,1,At-Risk / Low-Value
13932,194,1,307.4,72,16,307.4,1,At-Risk / Low-Value
13933,9,2,608.7900000000001,205,23,304.39500000000004,2,Recent / Potential
13934,163,1,922.1,390,31,922.1,1,At-Risk / Low-Value
13936,79,1,376.58,330,26,376.58,1,At-Risk / Low-Value
13937,69,1,158.85,123,9,158.85,1,At-Risk / Low-Value
13939,8,2,390.21,657,32,195.105,2,Recent / Potential
13940,16,2,391.06,240,25,195.53,2,Recent / Potential
13941,71,3,2831.26,1382,20,943.7533333333334,0,Regular / Mid-Value
13946,101,2,485.96999999999997,263,9,242.98499999999999,0,Regular / Mid-Value
13948,260,1,102.0,40,3,102.0,1,At-Risk / Low-Value
13950,146,1,179.30999999999997,81,7,179.30999999999997,1,At-Risk / Low-Value
13951,76,3,674.45,459,38,224.8166666666667,0,Regular / Mid-Value
13952,117,2,3251.071,1431,120,1625.5355,0,Regular / Mid-Value
13953,15,5,2604.36,2048,8,520.8720000000001,3,High-Value / Loyal
13955,54,2,322.96,154,33,161.48,1,At-Risk / Low-Value
13956,38,3,680.27,385,95,226.75666666666666,0,Regular / Mid-Value
13959,181,2,337.44,198,31,168.72,1,At-Risk / Low-Value
13962,145,1,117.6,30,7,117.6,1,At-Risk / Low-Value
13963,208,4,664.54,460,35,166.135,0,Regular / Mid-Value
13967,45,1,80.7,42,2,80.7,1,At-Risk / Low-Value
13969,7,11,3911.35,1983,221,355.5772727272727,3,High-Value / Loyal
13971,6,6,1985.9,1332,95,330.98333333333335,3,High-Value / Loyal
13972,101,1,145.9,42,9,145.9,1,At-Risk / Low-Value
13973,187,1,264.7,109,11,264.7,1,At-Risk / Low-Value
13975,28,4,1497.71,967,166,374.4275,0,Regular / Mid-Value
13976,106,1,357.98,154,10,357.98,1,At-Risk / Low-Value
13982,63,3,1230.1399999999999,783,45,410.0466666666666,0,Regular / Mid-Value
13983,87,8,1681.06,793,65,210.1325,0,Regular / Mid-Value
13984,26,4,819.33,647,10,204.8325,0,Regular / Mid-Value
13985,7,7,2773.04,1380,55,396.1485714285714,3,High-Value / Loyal
13988,62,3,1923.5,1290,99,641.1666666666666,0,Regular / Mid-Value
13989,139,1,896.6700000000001,869,23,896.6700000000001,1,At-Risk / Low-Value
13990,113,1,311.3,190,16,311.3,1,At-Risk / Low-Value
13991,43,1,126.35,83,7,126.35,1,At-Risk / Low-Value
13993,0,6,2247.41,653,59,374.5683333333333,3,High-Value / Loyal
13994,5,2,419.56,133,18,209.78,2,Recent / Potential
13995,15,3,871.9,608,39,290.6333333333333,2,Recent / Potential
13999,15,8,2561.94,1591,86,320.2425,3,High-Value / Loyal
14000,111,1,635.66,710,15,635.66,1,At-Risk / Low-Value
14001,132,2,1309.14,632,21,654.57,0,Regular / Mid-Value
14002,34,2,529.73,877,47,264.865,2,Recent / Potential
14004,8,4,2962.26,1632,66,740.565,3,High-Value / Loyal
14005,33,3,696.56,864,29,232.18666666666664,0,Regular / Mid-Value
14006,15,3,962.19,641,22,320.73,2,Recent / Potential
14009,98,2,695.61,365,42,347.805,0,Regular / Mid-Value
14012,177,1,328.8,160,11,328.8,1,At-Risk / Low-Value
14013,10,3,473.02,462,30,157.67333333333332,2,Recent / Potential
14016,61,4,4341.21,2125,154,1085.3025,0,Regular / Mid-Value
14019,38,1,384.29,233,25,384.29,1,At-Risk / Low-Value
14021,55,3,631.9,192,22,210.63333333333333,0,Regular / Mid-Value
14022,125,1,440.0,487,28,440.0,1,At-Risk / Low-Value
14023,150,1,273.14,162,16,273.14,1,At-Risk / Low-Value
14024,21,2,327.7,150,16,163.85,2,Recent / Potential
14029,44,1,165.20000000000002,24,6,165.20000000000002,1,At-Risk / Low-Value
14030,21,6,1657.5,860,147,276.25,3,High-Value / Loyal
14031,26,13,9627.03,3588,101,740.5407692307692,3,High-Value / Loyal
14032,68,6,1845.37,1325,43,307.56166666666667,0,Regular / Mid-Value
14034,57,2,473.90999999999997,307,23,236.95499999999998,0,Regular / Mid-Value
14035,7,3,837.26,447,18,279.08666666666664,2,Recent / Potential
14036,184,1,626.65,268,38,626.65,1,At-Risk / Low-Value
14037,76,2,147.20000000000002,46,27,73.60000000000001,1,At-Risk / Low-Value
14038,44,2,1086.42,701,49,543.21,0,Regular / Mid-Value
14040,17,9,2485.91,1147,121,276.2122222222222,3,High-Value / Loyal
14041,166,1,141.41,94,21,141.41,1,At-Risk / Low-Value
14044,3,3,542.11,251,144,180.70333333333335,2,Recent / Potential
14045,9,4,1659.75,535,4,414.9375,2,Recent / Potential
14046,184,1,154.99,460,14,154.99,1,At-Risk / Low-Value
14047,99,3,635.92,210,15,211.97333333333333,0,Regular / Mid-Value
14048,205,1,409.93,288,83,409.93,1,At-Risk / Low-Value
14049,58,3,3285.39,2171,211,1095.1299999999999,0,Regular / Mid-Value
14050,6,1,485.98,447,37,485.98,2,Recent / Potential
14051,13,15,8687.44,2196,42,579.1626666666667,3,High-Value / Loyal
14053,24,2,260.25,215,2,130.125,2,Recent / Potential
14055,6,1,725.6400000000001,216,10,725.6400000000001,2,Recent / Potential
14056,7,17,5382.51,2877,274,316.61823529411765,3,High-Value / Loyal
14057,0,13,4811.98,3948,155,370.15230769230766,3,High-Value / Loyal
14059,166,1,183.6,128,8,183.6,1,At-Risk / Low-Value
14060,8,14,4102.78,3770,67,293.05571428571426,3,High-Value / Loyal
14062,12,9,7801.79,3615,57,866.8655555555556,3,High-Value / Loyal
14064,13,4,1097.6799999999998,1513,44,274.41999999999996,2,Recent / Potential
14066,166,1,152.55,45,7,152.55,1,At-Risk / Low-Value
14068,220,1,265.85,73,22,265.85,1,At-Risk / Low-Value
14071,160,2,356.81,295,22,178.405,1,At-Risk / Low-Value
14075,161,1,307.92,270,18,307.92,1,At-Risk / Low-Value
14076,29,1,122.47,81,43,122.47,1,At-Risk / Low-Value
14077,82,3,310.4,148,30,103.46666666666665,0,Regular / Mid-Value
14078,1,6,1049.37,310,46,174.89499999999998,3,High-Value / Loyal
14079,24,1,375.1,301,12,375.1,2,Recent / Potential
14081,202,2,934.52,596,126,467.26,0,Regular / Mid-Value
14082,264,1,182.25,110,28,182.25,1,At-Risk / Low-Value
14083,26,7,548.92,401,92,78.41714285714285,0,Regular / Mid-Value
14085,41,12,3248.19,2197,228,270.6825,3,High-Value / Loyal
14088,28,7,25507.89,7074,232,3643.9842857142858,3,High-Value / Loyal
14090,224,1,76.32000000000001,72,1,76.32000000000001,1,At-Risk / Low-Value
14092,31,9,2437.8,1262,87,270.8666666666667,3,High-Value / Loyal
14096,1,1,21.84,7,6,21.84,2,Recent / Potential
14099,20,8,2309.92,1726,143,288.74,3,High-Value / Loyal
14100,37,1,194.9,64,24,194.9,1,At-Risk / Low-Value
14101,42,5,4944.389999999999,6406,15,988.8779999999999,3,High-Value / Loyal
14104,54,2,216.20999999999998,72,21,108.10499999999999,1,At-Risk / Low-Value
14105,139,1,1266.23,800,74,1266.23,0,Regular / Mid-Value
14107,76,5,1836.84,1280,55,367.368,0,Regular / Mid-Value
14108,1,1,291.33,209,16,291.33,2,Recent / Potential
14110,19,5,3259.62,1534,65,651.924,3,High-Value / Loyal
14111,6,2,247.2,184,3,123.6,2,Recent / Potential
14112,30,4,1900.82,1148,89,475.205,0,Regular / Mid-Value
14113,254,1,433.5,102,2,433.5,1,At-Risk / Low-Value
14114,173,2,386.53,101,15,193.265,1,At-Risk / Low-Value
14116,21,1,319.97,162,17,319.97,2,Recent / Potential
14117,43,1,90.0,72,3,90.0,1,At-Risk / Low-Value
14127,22,3,709.71,321,39,236.57000000000002,2,Recent / Potential
14128,155,1,305.54,269,22,305.54,1,At-Risk / Low-Value
14129,160,1,358.90000000000003,164,16,358.90000000000003,1,At-Risk / Low-Value
14130,219,1,483.86,258,66,483.86,1,At-Risk / Low-Value
14132,13,5,1552.46,1420,48,310.492,3,High-Value / Loyal
14133,29,3,605.64,348,25,201.88,2,Recent / Potential
14135,5,10,3190.32,3364,82,319.03200000000004,3,High-Value / Loyal
14141,5,1,285.16,140,16,285.16,2,Recent / Potential
14142,273,1,311.81,313,22,311.81,1,At-Risk / Low-Value
14143,33,1,115.8,30,7,115.8,1,At-Risk / Low-Value
14145,56,3,2851.2,576,6,950.4,0,Regular / Mid-Value
14146,154,2,1903.73,811,62,951.865,0,Regular / Mid-Value
14147,185,1,182.8,40,2,182.8,1,At-Risk / Low-Value
14148,133,1,157.2,16,3,157.2,1,At-Risk / Low-Value
14149,120,1,446.62,218,28,446.62,1,At-Risk / Low-Value
14150,259,1,306.18,262,12,306.18,1,At-Risk / Low-Value
14152,134,1,314.51,369,29,314.51,1,At-Risk / Low-Value
14154,139,2,1345.62,465,52,672.81,0,Regular / Mid-Value
14155,166,1,118.75,25,6,118.75,1,At-Risk / Low-Value
14156,14,35,85001.9,40599,596,2428.625714285714,3,High-Value / Loyal
14157,185,1,277.17,199,36,277.17,1,At-Risk / Low-Value
14159,44,6,2184.21,1951,343,364.035,0,Regular / Mid-Value
14161,115,3,1110.52,455,87,370.17333333333335,0,Regular / Mid-Value
14162,73,2,289.36,142,25,144.68,1,At-Risk / Low-Value
14163,52,3,1659.39,589,31,553.13,0,Regular / Mid-Value
14165,175,1,122.53999999999999,54,23,122.53999999999999,1,At-Risk / Low-Value
14167,65,3,402.1,106,23,134.03333333333333,0,Regular / Mid-Value
14173,119,1,114.04,40,11,114.04,1,At-Risk / Low-Value
14175,71,2,1205.99,626,58,602.995,0,Regular / Mid-Value
14176,197,4,576.9000000000001,209,28,144.22500000000002,0,Regular / Mid-Value
14177,79,1,118.08,39,19,118.08,1,At-Risk / Low-Value
14178,43,2,312.89,282,74,156.445,1,At-Risk / Low-Value
14180,6,21,4110.12,619,107,195.72,3,High-Value / Loyal
14185,231,1,197.65,6,3,197.65,1,At-Risk / Low-Value
14188,9,4,1383.46,783,25,345.865,2,Recent / Potential
14189,13,10,2906.96,2450,119,290.696,3,High-Value / Loyal
14191,8,7,2258.26,1388,71,322.60857142857145,3,High-Value / Loyal
14193,169,1,422.53999999999996,250,23,422.53999999999996,1,At-Risk / Low-Value
14194,6,12,5666.45,3243,203,472.20416666666665,3,High-Value / Loyal
14195,101,2,1012.0,760,7,506.0,0,Regular / Mid-Value
14196,6,1,335.52,142,6,335.52,2,Recent / Potential
14198,45,2,356.95,167,21,178.475,0,Regular / Mid-Value
14199,118,1,185.39999999999998,28,2,185.39999999999998,1,At-Risk / Low-Value
14201,49,5,521.24,360,19,104.248,0,Regular / Mid-Value
14205,164,1,222.9,126,14,222.9,1,At-Risk / Low-Value
14206,139,1,328.15999999999997,276,20,328.15999999999997,1,At-Risk / Low-Value
14209,21,5,1876.33,657,54,375.26599999999996,3,High-Value / Loyal
14210,5,6,1905.8400000000001,760,66,317.64000000000004,3,High-Value / Loyal
14211,107,5,909.89,497,44,181.978,0,Regular / Mid-Value
14214,56,3,899.16,671,56,299.71999999999997,0,Regular / Mid-Value
14215,86,4,1098.27,589,58,274.5675,0,Regular / Mid-Value
14217,55,9,1085.0,336,49,120.55555555555556,0,Regular / Mid-Value
14220,147,2,632.4,272,21,316.2,0,Regular / Mid-Value
14221,13,7,2617.0099999999998,1546,91,373.8585714285714,3,High-Value / Loyal
14222,77,1,683.17,607,41,683.17,1,At-Risk / Low-Value
14223,57,2,656.59,391,35,328.295,0,Regular / Mid-Value
14224,10,4,1050.12,514,105,262.53,2,Recent / Potential
14226,110,2,1709.4,1087,40,854.7,0,Regular / Mid-Value
14227,96,7,2399.52,1279,104,342.7885714285714,0,Regular / Mid-Value
14229,191,2,762.13,303,23,381.065,0,Regular / Mid-Value
14231,83,3,925.71,409,47,308.57,0,Regular / Mid-Value
14232,15,4,1573.33,1503,71,393.3325,2,Recent / Potential
14233,111,3,959.1,410,15,319.7,0,Regular / Mid-Value
14235,57,4,2802.86,1841,62,700.715,0,Regular / Mid-Value
14236,272,1,189.3,38,3,189.3,1,At-Risk / Low-Value
14237,273,1,161.0,38,9,161.0,1,At-Risk / Low-Value
14238,226,1,146.85,111,8,146.85,1,At-Risk / Low-Value
14239,30,7,1415.54,654,63,202.22,3,High-Value / Loyal
14240,125,1,226.85,79,10,226.85,1,At-Risk / Low-Value
14241,83,1,213.70000000000002,146,10,213.70000000000002,1,At-Risk / Low-Value
14242,134,2,280.55,123,13,140.275,1,At-Risk / Low-Value
14243,40,7,1990.78,866,86,284.39714285714285,3,High-Value / Loyal
14245,119,2,1693.45,976,107,846.725,0,Regular / Mid-Value
14246,10,3,1474.06,804,57,491.3533333333333,2,Recent / Potential
14247,178,1,136.76999999999998,47,19,136.76999999999998,1,At-Risk / Low-Value
14248,218,1,302.58,102,8,302.58,1,At-Risk / Low-Value
14256,160,2,969.0600000000001,414,51,484.53000000000003,0,Regular / Mid-Value
14257,23,4,2725.84,1338,84,681.46,0,Regular / Mid-Value
14258,51,7,9386.32,5420,52,1340.902857142857,3,High-Value / Loyal
14259,41,1,120.0,68,5,120.0,1,At-Risk / Low-Value
14262,7,3,855.0,593,42,285.0,2,Recent / Potential
14264,54,2,333.97,70,15,166.985,1,At-Risk / Low-Value
14265,9,2,530.18,330,31,265.09,2,Recent / Potential
14267,62,3,1516.24,530,25,505.41333333333336,0,Regular / Mid-Value
14270,231,1,492.65000000000003,197,29,492.65000000000003,1,At-Risk / Low-Value
14271,125,1,112.32,88,10,112.32,1,At-Risk / Low-Value
14272,154,1,132.09,87,8,132.09,1,At-Risk / Low-Value
14273,36,3,450.05,196,18,150.01666666666668,0,Regular / Mid-Value
14276,80,2,720.4,512,37,360.2,0,Regular / Mid-Value
14277,112,1,1637.43,859,71,1637.43,0,Regular / Mid-Value
14280,96,1,134.04,52,8,134.04,1,At-Risk / Low-Value
14282,9,9,2495.44,1800,58,277.2711111111111,3,High-Value / Loyal
14285,76,1,5.9,2,1,5.9,1,At-Risk / Low-Value
14286,142,1,2050.08,1998,141,2050.08,0,Regular / Mid-Value
14287,98,2,83.28,216,4,41.64,1,At-Risk / Low-Value
14288,113,1,426.6,188,16,426.6,1,At-Risk / Low-Value
14289,34,5,832.78,278,33,166.55599999999998,0,Regular / Mid-Value
14290,261,1,777.5600000000001,220,23,777.5600000000001,1,At-Risk / Low-Value
14291,20,7,2355.54,1478,96,336.5057142857143,3,High-Value / Loyal
14292,45,4,2590.21,825,50,647.5525,0,Regular / Mid-Value
14293,47,3,739.41,427,40,246.47,0,Regular / Mid-Value
14297,174,1,232.6,78,11,232.6,1,At-Risk / Low-Value
14298,23,36,35591.84,42823,665,988.6622222222221,3,High-Value / Loyal
14299,7,5,2437.14,922,70,487.428,3,High-Value / Loyal
14301,17,1,640.14,606,13,640.14,2,Recent / Potential
14304,122,1,383.45,139,17,383.45,1,At-Risk / Low-Value
14305,13,2,1048.45,582,62,524.225,2,Recent / Potential
14307,34,4,2307.89,1711,119,576.9725,0,Regular / Mid-Value
14309,68,6,1310.02,964,57,218.33666666666667,0,Regular / Mid-Value
14311,142,1,310.26,146,20,310.26,1,At-Risk / Low-Value
14312,86,4,854.59,385,42,213.6475,0,Regular / Mid-Value
14314,6,1,120.0,296,8,120.0,2,Recent / Potential
14315,29,5,1550.15,689,49,310.03000000000003,0,Regular / Mid-Value
14320,106,2,477.79,325,29,238.895,1,At-Risk / Low-Value
14321,16,3,900.65,1516,75,300.21666666666664,2,Recent / Potential
14323,14,2,605.0600000000001,350,32,302.53000000000003,2,Recent / Potential
14326,142,1,183.85,103,8,183.85,1,At-Risk / Low-Value
14327,63,1,311.65,139,12,311.65,1,At-Risk / Low-Value
14329,8,4,3485.03,2184,169,871.2575,3,High-Value / Loyal
14331,24,2,462.65999999999997,252,27,231.32999999999998,2,Recent / Potential
14332,47,1,119.04,48,2,119.04,1,At-Risk / Low-Value
14334,22,6,2013.51,1427,87,335.585,3,High-Value / Loyal
14336,98,3,1114.39,989,53,371.46333333333337,0,Regular / Mid-Value
14338,61,2,588.22,335,30,294.11,0,Regular / Mid-Value
14339,142,1,309.52,168,14,309.52,1,At-Risk / Low-Value
14340,118,1,134.7,58,6,134.7,1,At-Risk / Low-Value
14341,30,6,1139.52,709,54,189.92,0,Regular / Mid-Value
14342,37,2,419.74,176,11,209.87,2,Recent / Potential
14344,27,8,889.9300000000001,477,56,111.24125000000001,3,High-Value / Loyal
14346,20,2,1021.58,605,55,510.79,2,Recent / Potential
14348,160,1,409.57,183,18,409.57,1,At-Risk / Low-Value
14350,174,1,282.93,183,18,282.93,1,At-Risk / Low-Value
14351,64,1,51.0,12,1,51.0,1,At-Risk / Low-Value
14352,57,4,1078.96,538,44,269.74,0,Regular / Mid-Value
14353,115,1,90.6,64,6,90.6,1,At-Risk / Low-Value
14355,265,1,174.4,92,11,174.4,1,At-Risk / Low-Value
14364,8,8,3717.35,1967,61,464.66875,3,High-Value / Loyal
14367,37,10,5448.45,2573,209,544.845,3,High-Value / Loyal
14368,219,1,155.0,36,8,155.0,1,At-Risk / Low-Value
14371,195,1,100.5,34,4,100.5,1,At-Risk / Low-Value
14373,258,1,76.55,17,4,76.55,1,At-Risk / Low-Value
14375,85,1,257.68,194,57,257.68,1,At-Risk / Low-Value
14377,91,2,617.05,219,11,308.525,0,Regular / Mid-Value
14379,195,1,110.98,128,17,110.98,1,At-Risk / Low-Value
14383,63,1,242.09,201,15,242.09,1,At-Risk / Low-Value
14386,196,1,142.4,54,7,142.4,1,At-Risk / Low-Value
14387,9,1,440.76,209,40,440.76,2,Recent / Potential
14388,21,5,1835.1100000000001,1179,80,367.02200000000005,3,High-Value / Loyal
14389,90,1,311.14,189,19,311.14,1,At-Risk / Low-Value
14390,44,4,1592.66,740,95,398.165,0,Regular / Mid-Value
14393,118,1,67.95,13,5,67.95,1,At-Risk / Low-Value
14395,77,6,1966.22,972,114,327.7033333333333,0,Regular / Mid-Value
14396,271,1,110.35000000000001,39,34,110.35000000000001,1,At-Risk / Low-Value
14397,9,9,856.0,652,13,95.11111111111111,3,High-Value / Loyal
14400,49,1,574.7,454,25,574.7,1,At-Risk / Low-Value
14401,7,9,2766.2999999999997,3273,76,307.3666666666666,3,High-Value / Loyal
14403,30,4,1475.81,519,17,368.9525,0,Regular / Mid-Value
14404,8,5,1347.52,781,64,269.504,3,High-Value / Loyal
14406,19,1,156.75,77,8,156.75,2,Recent / Potential
14407,7,6,2157.73,1415,67,359.62166666666667,3,High-Value / Loyal
14408,30,5,1996.51,1296,59,399.302,0,Regular / Mid-Value
14409,22,5,1943.73,1160,36,388.746,3,High-Value / Loyal
14410,41,7,979.98,488,123,139.99714285714285,0,Regular / Mid-Value
14411,210,1,1063.0,196,14,1063.0,1,At-Risk / Low-Value
14413,262,1,122.7,68,22,122.7,1,At-Risk / Low-Value
14414,9,5,1137.08,1786,68,227.416,2,Recent / Potential
14415,23,8,3339.33,1606,173,417.41625,3,High-Value / Loyal
14418,8,1,150.44,148,17,150.44,2,Recent / Potential
14419,152,2,307.56,162,45,153.78,1,At-Risk / Low-Value
14421,111,1,455.18,194,15,455.18,1,At-Risk / Low-Value
14422,70,2,1032.15,541,57,516.075,0,Regular / Mid-Value
14423,118,1,265.2,120,3,265.2,1,At-Risk / Low-Value
14426,40,6,2885.58,1603,151,480.93,3,High-Value / Loyal
14428,139,2,330.62,145,25,165.31,1,At-Risk / Low-Value
14431,202,1,470.36,130,17,470.36,1,At-Risk / Low-Value
14437,265,1,63.0,60,5,63.0,1,At-Risk / Low-Value
14438,206,1,131.9,82,9,131.9,1,At-Risk / Low-Value
14439,219,1,2661.24,526,32,2661.24,0,Regular / Mid-Value
14440,216,2,1185.71,341,25,592.855,0,Regular / Mid-Value
14441,155,1,356.84000000000003,108,13,356.84000000000003,1,At-Risk / Low-Value
14442,104,2,1589.82,482,58,794.91,0,Regular / Mid-Value
14443,38,3,991.52,666,58,330.50666666666666,0,Regular / Mid-Value
14446,146,1,303.04,318,83,303.04,1,At-Risk / Low-Value
14447,96,2,601.03,313,34,300.515,0,Regular / Mid-Value
14448,264,1,102.35000000000001,44,18,102.35000000000001,1,At-Risk / Low-Value
14449,146,2,401.3,336,98,200.65,1,At-Risk / Low-Value
14450,80,3,483.25,241,32,161.08333333333334,0,Regular / Mid-Value
14451,94,1,360.0,204,52,360.0,1,At-Risk / Low-Value
14453,90,1,119.93,49,22,119.93,1,At-Risk / Low-Value
14456,31,3,636.65,576,220,212.21666666666667,0,Regular / Mid-Value
14457,210,1,113.64,88,4,113.64,1,At-Risk / Low-Value
14459,55,1,1837.92,760,37,1837.92,0,Regular / Mid-Value
14460,10,3,434.34,881,14,144.78,2,Recent / Potential
14461,48,3,2103.06,766,173,701.02,0,Regular / Mid-Value
14462,20,9,1534.1,686,126,170.45555555555555,3,High-Value / Loyal
14463,70,2,309.42,127,4,154.71,1,At-Risk / Low-Value
14465,146,3,1058.6200000000001,405,107,352.8733333333334,0,Regular / Mid-Value
14466,15,5,1580.45,597,28,316.09000000000003,3,High-Value / Loyal
14467,212,1,131.7,37,15,131.7,1,At-Risk / Low-Value
14470,187,1,297.64,138,35,297.64,1,At-Risk / Low-Value
14472,3,8,1936.84,1160,153,242.105,3,High-Value / Loyal
14473,182,1,85.0,10,1,85.0,1,At-Risk / Low-Value
14475,86,2,622.17,243,23,311.085,0,Regular / Mid-Value
14476,157,1,215.7,132,17,215.7,1,At-Risk / Low-Value
14477,84,2,523.0,300,3,261.5,0,Regular / Mid-Value
14479,153,2,316.25,117,18,158.125,1,At-Risk / Low-Value
14481,64,2,636.51,489,25,318.255,0,Regular / Mid-Value
14482,139,1,238.1,111,15,238.1,1,At-Risk / Low-Value
14483,181,1,137.1,97,9,137.1,1,At-Risk / Low-Value
14487,268,1,125.10000000000001,37,13,125.10000000000001,1,At-Risk / Low-Value
14489,107,1,463.38,299,30,463.38,1,At-Risk / Low-Value
14491,75,2,340.93,139,17,170.465,1,At-Risk / Low-Value
14493,55,1,611.22,327,29,611.22,1,At-Risk / Low-Value
14495,21,1,40.599999999999994,22,2,40.599999999999994,1,At-Risk / Low-Value
14496,211,2,538.8100000000001,159,16,269.40500000000003,1,At-Risk / Low-Value
14497,209,1,475.37,235,29,475.37,1,At-Risk / Low-Value
14498,16,4,1281.79,689,104,320.4475,2,Recent / Potential
14499,33,2,370.96000000000004,191,71,185.48000000000002,2,Recent / Potential
14500,12,2,335.85,107,5,167.925,2,Recent / Potential
14501,83,2,251.21,161,9,125.605,1,At-Risk / Low-Value
14502,49,7,1176.01,540,201,168.00142857142856,0,Regular / Mid-Value
14503,78,1,597.07,381,40,597.07,1,At-Risk / Low-Value
14504,143,3,542.71,263,81,180.90333333333334,0,Regular / Mid-Value
14505,9,6,4255.64,1933,388,709.2733333333334,3,High-Value / Loyal
14506,62,3,831.66,257,82,277.21999999999997,0,Regular / Mid-Value
14507,1,4,924.6899999999999,478,71,231.17249999999999,2,Recent / Potential
14511,33,1,138.16,72,6,138.16,1,At-Risk / Low-Value
14512,87,2,275.28,122,19,137.64,1,At-Risk / Low-Value
14513,0,3,455.59000000000003,361,11,151.86333333333334,2,Recent / Potential
14514,101,2,403.11,173,36,201.555,1,At-Risk / Low-Value
14515,91,2,765.65,371,25,382.825,0,Regular / Mid-Value
14517,41,1,252.45,73,14,252.45,1,At-Risk / Low-Value
14520,190,1,165.0,100,1,165.0,1,At-Risk / Low-Value
14522,98,1,278.63,168,7,278.63,1,At-Risk / Low-Value
14523,8,1,241.09,251,12,241.09,2,Recent / Potential
14524,78,5,1052.72,423,113,210.544,0,Regular / Mid-Value
14525,0,7,2926.14,1777,163,418.02,3,High-Value / Loyal
14527,7,39,5136.4,1274,257,131.70256410256408,3,High-Value / Loyal
14529,10,1,135.24,84,49,135.24,2,Recent / Potential
14530,28,4,2021.27,847,99,505.3175,0,Regular / Mid-Value
14532,136,4,932.85,284,45,233.2125,0,Regular / Mid-Value
14533,12,2,734.98,912,23,367.49,2,Recent / Potential
14534,19,13,2904.05,1451,257,223.38846153846154,3,High-Value / Loyal
14535,27,2,1653.91,968,166,826.955,0,Regular / Mid-Value
14536,159,1,171.8,40,18,171.8,1,At-Risk / Low-Value
14538,156,1,106.5,30,3,106.5,1,At-Risk / Low-Value
14540,209,1,195.9,122,11,195.9,1,At-Risk / Low-Value
14541,68,7,1315.65,603,70,187.95000000000002,0,Regular / Mid-Value
14542,85,1,103.25,19,5,103.25,1,At-Risk / Low-Value
14543,8,13,3265.1,599,37,251.16153846153844,3,High-Value / Loyal
14544,261,1,1121.92,843,53,1121.92,1,At-Risk / Low-Value
14546,101,2,874.88,501,126,437.44,0,Regular / Mid-Value
14548,50,2,652.8,256,2,326.4,0,Regular / Mid-Value
14549,211,1,289.24,136,56,289.24,1,At-Risk / Low-Value
14551,104,1,125.43,66,7,125.43,1,At-Risk / Low-Value
14552,51,1,165.07,91,57,165.07,1,At-Risk / Low-Value
14553,118,2,312.32,182,35,156.16,1,At-Risk / Low-Value
14555,202,1,197.94,98,14,197.94,1,At-Risk / Low-Value
14560,9,13,1414.0,265,24,108.76923076923077,3,High-Value / Loyal
14561,62,2,566.99,375,35,283.495,0,Regular / Mid-Value
14562,27,6,1985.3500000000001,905,103,330.8916666666667,3,High-Value / Loyal
14565,13,3,2560.32,1371,99,853.44,2,Recent / Potential
14566,10,1,1432.0,800,4,1432.0,2,Recent / Potential
14567,30,1,800.76,172,13,800.76,2,Recent / Potential
14570,180,2,218.06,95,29,109.03,1,At-Risk / Low-Value
14572,10,5,2089.44,1190,153,417.88800000000003,3,High-Value / Loyal
14573,79,9,1653.42,544,127,183.71333333333334,0,Regular / Mid-Value
14576,272,1,35.400000000000006,12,1,35.400000000000006,1,At-Risk / Low-Value
14577,63,3,646.64,280,70,215.54666666666665,0,Regular / Mid-Value
14583,44,4,787.64,572,172,196.91,0,Regular / Mid-Value
14584,69,4,1042.26,383,68,260.565,0,Regular / Mid-Value
14586,176,1,237.36,444,19,237.36,1,At-Risk / Low-Value
14587,84,8,1473.53,728,166,184.19125,0,Regular / Mid-Value
14589,271,1,39.75,5,3,39.75,1,At-Risk / Low-Value
14591,113,1,250.22,105,33,250.22,1,At-Risk / Low-Value
14593,98,2,339.59,118,54,169.795,1,At-Risk / Low-Value
14594,273,1,255.0,146,31,255.0,1,At-Risk / Low-Value
14595,213,1,163.8,76,5,163.8,1,At-Risk / Low-Value
14597,91,1,165.1,118,3,165.1,1,At-Risk / Low-Value
14600,205,1,393.33000000000004,125,25,393.33000000000004,1,At-Risk / Low-Value
14603,174,1,660.0,400,2,660.0,1,At-Risk / Low-Value
14606,3,69,9329.38,4761,707,135.20840579710145,3,High-Value / Loyal
14607,161,1,495.0,300,3,495.0,1,At-Risk / Low-Value
14608,262,1,204.0,48,1,204.0,1,At-Risk / Low-Value
14609,43,3,486.36,6306,2,162.12,0,Regular / Mid-Value
14616,142,3,406.08000000000004,104,2,135.36,0,Regular / Mid-Value
14618,237,1,211.8,92,5,211.8,1,At-Risk / Low-Value
14619,145,1,394.44,152,20,394.44,1,At-Risk / Low-Value
14620,105,2,412.78000000000003,214,26,206.39000000000001,1,At-Risk / Low-Value
14621,56,3,1002.91,410,45,334.30333333333334,0,Regular / Mid-Value
14622,84,1,320.58000000000004,146,21,320.58000000000004,1,At-Risk / Low-Value
14623,16,3,608.71,266,88,202.90333333333334,2,Recent / Potential
14625,96,2,899.63,335,51,449.815,0,Regular / Mid-Value
14626,22,2,1571.29,879,64,785.645,2,Recent / Potential
14628,142,1,331.58000000000004,106,12,331.58000000000004,1,At-Risk / Low-Value
14631,135,2,630.08,352,24,315.04,0,Regular / Mid-Value
14632,162,1,114.56,96,8,114.56,1,At-Risk / Low-Value
14633,166,1,344.90000000000003,96,20,344.90000000000003,1,At-Risk / Low-Value
14636,168,1,300.19,117,16,300.19,1,At-Risk / Low-Value
14639,20,4,1989.23,789,93,497.3075,0,Regular / Mid-Value
14640,27,4,1501.06,578,63,375.265,0,Regular / Mid-Value
14643,70,2,693.8100000000001,815,30,346.90500000000003,0,Regular / Mid-Value
14644,198,1,187.50000000000003,66,8,187.50000000000003,1,At-Risk / Low-Value
14645,56,2,597.09,381,28,298.545,0,Regular / Mid-Value
14646,5,40,176355.94,126731,492,4408.8985,3,High-Value / Loyal
14647,101,1,243.22,95,24,243.22,1,At-Risk / Low-Value
14649,112,2,584.22,350,48,292.11,0,Regular / Mid-Value
14651,111,1,416.32,186,59,416.32,1,At-Risk / Low-Value
14653,238,1,344.81,305,29,344.81,1,At-Risk / Low-Value
14655,122,1,810.56,522,14,810.56,1,At-Risk / Low-Value
14656,69,2,291.05,120,73,145.525,1,At-Risk / Low-Value
14657,55,3,638.94,339,83,212.98000000000002,0,Regular / Mid-Value
14658,17,1,123.14,23,14,123.14,2,Recent / Potential
14659,45,6,1641.55,767,107,273.59166666666664,0,Regular / Mid-Value
14660,0,1,128.95,104,14,128.95,2,Recent / Potential
14662,134,3,524.86,340,82,174.95333333333335,0,Regular / Mid-Value
14665,196,3,731.66,268,41,243.88666666666666,0,Regular / Mid-Value
14667,13,17,5488.22,3167,265,322.83647058823533,3,High-Value / Loyal
14669,141,3,1269.99,775,158,423.33,0,Regular / Mid-Value
14670,180,2,411.53,337,107,205.765,1,At-Risk / Low-Value
14672,134,2,765.55,454,58,382.775,0,Regular / Mid-Value
14673,267,1,373.49,213,15,373.49,1,At-Risk / Low-Value
14676,47,4,1690.92,1824,19,422.73,0,Regular / Mid-Value
14680,21,13,24196.4,11548,70,1861.2615384615385,3,High-Value / Loyal
14681,111,1,393.95,48,5,393.95,1,At-Risk / Low-Value
14682,87,2,52.0,80,1,26.0,1,At-Risk / Low-Value
14684,115,2,519.26,295,140,259.63,0,Regular / Mid-Value
14687,6,1,628.38,470,15,628.38,2,Recent / Potential
14688,29,15,3852.54,2773,110,256.836,3,High-Value / Loyal
14689,108,1,112.8,76,13,112.8,1,At-Risk / Low-Value
14690,51,1,216.71,85,28,216.71,1,At-Risk / Low-Value
14691,112,1,439.6,162,17,439.6,1,At-Risk / Low-Value
14692,37,4,591.55,265,53,147.8875,0,Regular / Mid-Value
14693,164,1,172.9,34,8,172.9,1,At-Risk / Low-Value
14696,19,5,1458.54,1086,83,291.70799999999997,3,High-Value / Loyal
14697,118,2,188.60999999999999,181,22,94.30499999999999,1,At-Risk / Low-Value
14699,114,1,109.13000000000001,77,8,109.13000000000001,1,At-Risk / Low-Value
14700,89,2,1557.6,858,56,778.8,0,Regular / Mid-Value
14701,72,7,1958.28,673,188,279.7542857142857,0,Regular / Mid-Value
14702,16,9,1687.7,649,106,187.52222222222224,3,High-Value / Loyal
14704,42,2,221.16,113,56,110.58,1,At-Risk / Low-Value
14705,98,1,179.0,100,1,179.0,1,At-Risk / Low-Value
14708,54,2,701.1800000000001,410,12,350.59000000000003,0,Regular / Mid-Value
14709,12,8,3364.44,1662,64,420.555,3,High-Value / Loyal
14711,9,8,2064.42,710,146,258.0525,3,High-Value / Loyal
14712,12,1,115.72,102,7,115.72,2,Recent / Potential
14713,27,8,1821.8799999999999,1125,121,227.73499999999999,3,High-Value / Loyal
14715,198,2,247.45,128,21,123.725,1,At-Risk / Low-Value
14716,48,1,188.56,355,19,188.56,1,At-Risk / Low-Value
14719,79,2,488.12,398,70,244.06,0,Regular / Mid-Value
14720,26,1,155.8,40,9,155.8,2,Recent / Potential
14722,47,1,187.92000000000002,120,28,187.92000000000002,1,At-Risk / Low-Value
14723,258,3,471.0,206,68,157.0,0,Regular / Mid-Value
14727,174,1,268.58,62,10,268.58,1,At-Risk / Low-Value
14729,273,1,313.49,197,69,313.49,1,At-Risk / Low-Value
14730,7,5,904.21,527,142,180.842,2,Recent / Potential
14731,105,2,251.01999999999998,182,23,125.50999999999999,1,At-Risk / Low-Value
14732,43,5,1618.3,960,72,323.65999999999997,0,Regular / Mid-Value
14733,10,11,9044.2,3645,98,822.2,3,High-Value / Loyal
14735,10,22,3496.31,1321,66,158.9231818181818,3,High-Value / Loyal
14737,28,2,1081.75,303,13,540.875,0,Regular / Mid-Value
14738,33,5,757.6500000000001,351,28,151.53000000000003,0,Regular / Mid-Value
14739,119,3,1307.6200000000001,1074,23,435.8733333333334,0,Regular / Mid-Value
14740,97,3,1448.21,735,85,482.7366666666667,0,Regular / Mid-Value
14741,13,4,864.96,558,25,216.24,2,Recent / Potential
14744,197,5,928.03,519,14,185.606,0,Regular / Mid-Value
14745,12,5,1220.26,1038,46,244.052,3,High-Value / Loyal
14747,149,1,328.2,84,18,328.2,1,At-Risk / Low-Value
14748,23,4,1118.77,1061,75,279.6925,0,Regular / Mid-Value
14754,195,1,228.26999999999998,173,15,228.26999999999998,1,At-Risk / Low-Value
14755,12,7,2867.6800000000003,1241,103,409.66857142857145,3,High-Value / Loyal
14758,44,4,1484.06,419,54,371.015,0,Regular / Mid-Value
14759,12,2,870.85,247,47,435.425,2,Recent / Potential
14760,197,1,89.2,40,5,89.2,1,At-Risk / Low-Value
14761,234,1,97.5,58,7,97.5,1,At-Risk / Low-Value
14762,163,1,300.52,341,21,300.52,1,At-Risk / Low-Value
14765,12,2,95.5,22,8,47.75,2,Recent / Potential
14766,68,4,1531.32,984,85,382.83,0,Regular / Mid-Value
14768,27,1,133.20000000000002,40,4,133.20000000000002,1,At-Risk / Low-Value
14769,8,6,6487.94,4487,478,1081.3233333333333,3,High-Value / Loyal
14770,132,2,876.42,490,49,438.21,0,Regular / Mid-Value
14772,12,1,139.26,82,9,139.26,2,Recent / Potential
14775,37,2,701.46,802,39,350.73,0,Regular / Mid-Value
14776,5,8,1862.22,2230,44,232.7775,3,High-Value / Loyal
14778,27,2,730.86,306,34,365.43,2,Recent / Potential
14779,180,3,386.15,84,40,128.71666666666667,0,Regular / Mid-Value
14782,219,1,200.10000000000002,114,6,200.10000000000002,1,At-Risk / Low-Value
14784,223,1,114.68,56,4,114.68,1,At-Risk / Low-Value
14790,19,2,364.04,384,22,182.02,2,Recent / Potential
14794,103,4,679.54,311,37,169.885,0,Regular / Mid-Value
14795,66,1,131.45000000000002,17,6,131.45000000000002,1,At-Risk / Low-Value
14796,7,13,5757.42,4388,325,442.8784615384615,3,High-Value / Loyal
14798,44,2,97.4,104,7,48.7,1,At-Risk / Low-Value
14800,9,9,3840.44,3165,209,426.71555555555557,3,High-Value / Loyal
14803,62,3,845.55,370,35,281.84999999999997,0,Regular / Mid-Value
14805,213,1,109.25,29,19,109.25,1,At-Risk / Low-Value
14808,44,6,1846.31,1244,146,307.7183333333333,0,Regular / Mid-Value
14810,3,10,1869.33,913,97,186.933,3,High-Value / Loyal
14813,269,2,155.43,67,25,77.715,1,At-Risk / Low-Value
14816,97,1,271.85,5,4,271.85,1,At-Risk / Low-Value
14817,100,2,1110.34,655,52,555.17,0,Regular / Mid-Value
14818,69,2,409.63,202,23,204.815,0,Regular / Mid-Value
14819,92,1,84.72,48,3,84.72,1,At-Risk / Low-Value
14820,73,1,139.77,87,8,139.77,1,At-Risk / Low-Value
14821,266,1,48.800000000000004,20,2,48.800000000000004,1,At-Risk / Low-Value
14823,80,3,321.43,88,56,107.14333333333333,0,Regular / Mid-Value
14825,27,7,1339.3700000000001,542,68,191.33857142857144,3,High-Value / Loyal
14828,96,3,2139.76,2172,17,713.2533333333334,0,Regular / Mid-Value
14829,84,3,531.63,364,33,177.21,0,Regular / Mid-Value
14834,20,2,429.3,180,18,214.65,2,Recent / Potential
14837,5,3,1345.56,1226,82,448.52,2,Recent / Potential
14840,167,1,62.85,31,4,62.85,1,At-Risk / Low-Value
14841,79,4,2375.57,1235,88,593.8925,0,Regular / Mid-Value
14842,91,2,1688.48,633,77,844.24,0,Regular / Mid-Value
14844,23,3,2257.6800000000003,1301,64,752.5600000000001,0,Regular / Mid-Value
14847,48,1,309.4,120,13,309.4,1,At-Risk / Low-Value
14849,19,15,5025.25,3624,115,335.01666666666665,3,High-Value / Loyal
14850,211,1,325.75,293,21,325.75,1,At-Risk / Low-Value
14851,156,1,206.13,139,14,206.13,1,At-Risk / Low-Value
14852,40,4,1634.21,1013,54,408.5525,0,Regular / Mid-Value
14853,111,1,214.5,34,3,214.5,1,At-Risk / Low-Value
14854,33,6,2301.63,1441,95,383.605,3,High-Value / Loyal
14855,19,2,645.65,267,13,322.825,2,Recent / Potential
14857,48,1,522.52,188,29,522.52,1,At-Risk / Low-Value
14859,104,1,296.86,209,11,296.86,1,At-Risk / Low-Value
14862,48,1,304.09999999999997,430,21,304.09999999999997,1,At-Risk / Low-Value
14865,272,1,37.2,96,3,37.2,1,At-Risk / Low-Value
14866,5,4,1163.9,552,25,290.975,2,Recent / Potential
14867,85,3,710.28,328,31,236.76,0,Regular / Mid-Value
14868,20,4,1297.07,689,59,324.2675,0,Regular / Mid-Value
14869,3,1,391.31,355,48,391.31,2,Recent / Potential
14870,161,1,327.25,119,13,327.25,1,At-Risk / Low-Value
14871,78,3,354.75,114,44,118.25,0,Regular / Mid-Value
14873,110,1,519.68,168,28,519.68,1,At-Risk / Low-Value
14875,7,2,1465.3200000000002,558,46,732.6600000000001,2,Recent / Potential
14878,73,6,1083.02,627,51,180.50333333333333,0,Regular / Mid-Value
14880,85,2,363.27,245,25,181.635,1,At-Risk / Low-Value
14883,63,2,358.48,322,25,179.24,1,At-Risk / Low-Value
14885,31,1,765.3199999999999,724,15,765.3199999999999,2,Recent / Potential
14886,152,1,364.8,160,18,364.8,1,At-Risk / Low-Value
14888,107,1,369.2,184,20,369.2,1,At-Risk / Low-Value
14889,236,1,135.9,90,10,135.9,1,At-Risk / Low-Value
14890,153,1,125.65,51,7,125.65,1,At-Risk / Low-Value
14891,48,2,554.38,505,30,277.19,0,Regular / Mid-Value
14895,10,10,6081.71,2426,183,608.171,3,High-Value / Loyal
14896,104,2,468.77000000000004,279,43,234.38500000000002,1,At-Risk / Low-Value
14897,196,1,175.5,122,10,175.5,1,At-Risk / Low-Value
14898,34,5,1011.3,864,60,202.26,0,Regular / Mid-Value
14901,1,5,822.12,409,50,164.424,2,Recent / Potential
14903,24,4,2411.82,1334,195,602.955,0,Regular / Mid-Value
14905,57,2,616.15,287,14,308.075,0,Regular / Mid-Value
14907,47,4,1931.82,933,86,482.955,0,Regular / Mid-Value
14911,5,106,74437.05,39440,1190,702.236320754717,3,High-Value / Loyal
14912,146,1,482.78999999999996,445,14,482.78999999999996,1,At-Risk / Low-Value
14913,83,3,917.15,1362,57,305.71666666666664,0,Regular / Mid-Value
14915,177,1,142.28,76,8,142.28,1,At-Risk / Low-Value
14916,49,2,701.28,604,42,350.64,0,Regular / Mid-Value
14918,15,2,1610.15,675,39,805.075,2,Recent / Potential
14920,112,2,977.77,509,57,488.885,0,Regular / Mid-Value
14921,101,1,903.01,631,53,903.01,0,Regular / Mid-Value
14924,145,1,310.05,64,10,310.05,1,At-Risk / Low-Value
14930,8,3,2372.86,1166,116,790.9533333333334,2,Recent / Potential
14931,106,2,586.0,98,10,293.0,0,Regular / Mid-Value
14932,265,1,363.53,80,17,363.53,1,At-Risk / Low-Value
14934,182,1,828.84,459,39,828.84,1,At-Risk / Low-Value
14935,197,1,1784.71,935,10,1784.71,0,Regular / Mid-Value
14936,8,3,5072.88,2352,124,1690.96,3,High-Value / Loyal
14937,30,1,759.56,172,13,759.56,2,Recent / Potential
14944,44,6,2507.73,1383,63,417.955,0,Regular / Mid-Value
14947,30,1,178.5,118,10,178.5,1,At-Risk / Low-Value
14948,9,3,556.87,361,35,185.62333333333333,2,Recent / Potential
14952,106,7,3534.61,1787,82,504.94428571428574,0,Regular / Mid-Value
14957,153,1,58.49,34,12,58.49,1,At-Risk / Low-Value
14958,47,3,499.68,129,33,166.56,0,Regular / Mid-Value
14959,9,3,537.32,400,33,179.10666666666668,2,Recent / Potential
14960,71,1,88.3,20,2,88.3,1,At-Risk / Low-Value
14961,54,6,3906.98,2152,140,651.1633333333333,3,High-Value / Loyal
14962,170,1,126.7,44,5,126.7,1,At-Risk / Low-Value
14963,83,1,294.2,167,37,294.2,1,At-Risk / Low-Value
14964,147,1,206.21,143,13,206.21,1,At-Risk / Low-Value
14970,37,3,1119.75,165,10,373.25,0,Regular / Mid-Value
14972,28,1,114.77,28,18,114.77,1,At-Risk / Low-Value
14973,7,3,1314.45,369,29,438.15000000000003,2,Recent / Potential
14976,1,4,559.96,162,38,139.99,2,Recent / Potential
14978,135,4,1537.28,417,120,384.32,0,Regular / Mid-Value
14981,146,1,102.12,97,8,102.12,1,At-Risk / Low-Value
14984,80,1,110.17999999999999,21,16,110.17999999999999,1,At-Risk / Low-Value
14985,98,2,296.75,260,78,148.375,1,At-Risk / Low-Value
14987,265,1,163.2,64,2,163.2,1,At-Risk / Low-Value
14988,111,1,334.54,141,40,334.54,1,At-Risk / Low-Value
14995,180,1,119.31,51,37,119.31,1,At-Risk / Low-Value
14997,78,1,155.28,312,9,155.28,1,At-Risk / Low-Value
14998,70,2,429.87,270,70,214.935,0,Regular / Mid-Value
15002,15,4,1641.76,862,93,410.44,2,Recent / Potential
15004,47,1,1246.32,630,154,1246.32,0,Regular / Mid-Value
15005,8,19,4327.08,2896,273,227.74105263157895,3,High-Value / Loyal
15007,59,1,156.91,69,12,156.91,1,At-Risk / Low-Value
15012,273,1,191.06,86,46,191.06,1,At-Risk / Low-Value
15014,76,1,117.72999999999999,68,2,117.72999999999999,1,At-Risk / Low-Value
15016,72,1,170.04,76,20,170.04,1,At-Risk / Low-Value
15018,152,2,291.34000000000003,94,17,145.67000000000002,1,At-Risk / Low-Value
15019,166,1,266.0,159,64,266.0,1,At-Risk / Low-Value
15021,56,5,1119.08,531,204,223.81599999999997,0,Regular / Mid-Value
15023,16,8,5110.32,2237,271,638.79,3,High-Value / Loyal
15024,13,5,845.62,416,62,169.124,2,Recent / Potential
15026,140,2,230.78,81,24,115.39,1,At-Risk / Low-Value
15027,68,3,966.9699999999999,523,27,322.3233333333333,0,Regular / Mid-Value
15028,268,1,185.97,119,14,185.97,1,At-Risk / Low-Value
15030,168,1,152.76,156,3,152.76,1,At-Risk / Low-Value
15031,10,2,261.79,115,42,130.895,2,Recent / Potential
15032,156,3,4959.1,2968,29,1653.0333333333335,0,Regular / Mid-Value
15033,9,6,1629.1,916,203,271.51666666666665,3,High-Value / Loyal
15034,132,5,2664.83,1333,158,532.966,0,Regular / Mid-Value
15036,77,2,245.69,151,49,122.845,1,At-Risk / Low-Value
15038,87,4,517.45,128,90,129.3625,0,Regular / Mid-Value
15039,14,36,17631.71,8187,360,489.7697222222222,3,High-Value / Loyal
15041,70,1,180.35,104,66,180.35,1,At-Risk / Low-Value
15042,99,1,135.93,30,5,135.93,1,At-Risk / Low-Value
15044,36,13,5202.28,1547,147,400.1753846153846,3,High-Value / Loyal
15045,51,2,735.66,114,11,367.83,0,Regular / Mid-Value
15046,27,10,3863.33,2476,119,386.33299999999997,3,High-Value / Loyal
15047,169,1,343.62,222,22,343.62,1,At-Risk / Low-Value
15048,16,3,324.53,173,74,108.17666666666666,2,Recent / Potential
15049,173,1,121.17000000000002,63,3,121.17000000000002,1,At-Risk / Low-Value
15051,50,1,377.74,351,34,377.74,1,At-Risk / Low-Value
15052,219,1,215.78,82,27,215.78,1,At-Risk / Low-Value
15053,56,2,478.6,514,28,239.3,0,Regular / Mid-Value
15057,175,2,1489.5,668,25,744.75,0,Regular / Mid-Value
15058,24,7,1245.66,617,131,177.95142857142858,3,High-Value / Loyal
15059,7,7,1008.6,405,127,144.0857142857143,3,High-Value / Loyal
15061,27,37,36575.0,19193,59,988.5135135135135,3,High-Value / Loyal
15062,117,3,814.04,541,38,271.34666666666664,0,Regular / Mid-Value
15063,113,1,370.79999999999995,56,5,370.79999999999995,1,At-Risk / Low-Value
15065,64,3,2858.75,1181,132,952.9166666666666,0,Regular / Mid-Value
15067,182,1,848.05,335,35,848.05,1,At-Risk / Low-Value
15068,156,1,239.95999999999998,130,39,239.95999999999998,1,At-Risk / Low-Value
15069,79,1,1109.53,520,70,1109.53,0,Regular / Mid-Value
15070,272,1,106.2,36,1,106.2,1,At-Risk / Low-Value
15071,175,1,588.6700000000001,165,12,588.6700000000001,1,At-Risk / Low-Value
15073,85,2,861.96,428,22,430.98,0,Regular / Mid-Value
15074,5,1,748.87,455,41,748.87,2,Recent / Potential
15076,72,1,880.85,571,49,880.85,0,Regular / Mid-Value
15078,5,22,6702.59,3387,83,304.66318181818184,3,High-Value / Loyal
15079,112,4,895.61,389,46,223.9025,0,Regular / Mid-Value
15081,108,2,248.05,113,16,124.025,1,At-Risk / Low-Value
15083,156,1,88.2,38,5,88.2,1,At-Risk / Low-Value
15087,181,1,306.94,470,15,306.94,1,At-Risk / Low-Value
15089,8,2,1677.23,1085,102,838.615,2,Recent / Potential
15090,208,1,381.32,208,23,381.32,1,At-Risk / Low-Value
15092,115,2,457.81,135,23,228.905,1,At-Risk / Low-Value
15093,16,5,4027.1,3279,51,805.42,3,High-Value / Loyal
15095,3,4,1370.6,1079,30,342.65,2,Recent / Potential
15098,82,3,39916.5,121,1,13305.5,3,High-Value / Loyal
15100,233,3,876.0,80,1,292.0,0,Regular / Mid-Value
15101,259,1,102.28,34,4,102.28,1,At-Risk / Low-Value
15104,96,2,1027.44,637,66,513.72,0,Regular / Mid-Value
15105,34,1,532.98,274,19,532.98,2,Recent / Potential
15106,41,3,1032.83,822,67,344.27666666666664,0,Regular / Mid-Value
15107,211,6,319.5,169,12,53.25,0,Regular / Mid-Value
15108,41,4,1300.25,499,50,325.0625,0,Regular / Mid-Value
15109,145,1,484.95,131,28,484.95,1,At-Risk / Low-Value
15110,26,2,376.55,121,13,188.275,2,Recent / Potential
15111,272,1,288.5,106,16,288.5,1,At-Risk / Low-Value
15114,16,6,1354.01,1509,66,225.66833333333332,3,High-Value / Loyal
15116,34,2,790.97,255,20,395.485,0,Regular / Mid-Value
15117,20,2,675.73,1085,31,337.865,2,Recent / Potential
15118,34,1,244.8,1440,1,244.8,1,At-Risk / Low-Value
15119,145,1,266.4,88,14,266.4,1,At-Risk / Low-Value
15120,33,1,358.82,296,21,358.82,2,Recent / Potential
15121,188,1,295.15,125,18,295.15,1,At-Risk / Low-Value
15122,14,3,1633.78,800,65,544.5933333333334,2,Recent / Potential
15123,106,1,1069.47,509,53,1069.47,0,Regular / Mid-Value
15124,91,1,90.75,89,9,90.75,1,At-Risk / Low-Value
15125,13,12,10795.48,5909,97,899.6233333333333,3,High-Value / Loyal
15128,26,3,1170.24,1007,66,390.08,0,Regular / Mid-Value
15129,6,10,2796.73,1621,48,279.673,3,High-Value / Loyal
15130,69,1,330.11,197,22,330.11,1,At-Risk / Low-Value
15132,5,3,842.23,633,47,280.74333333333334,2,Recent / Potential
15133,27,3,982.42,680,27,327.4733333333333,0,Regular / Mid-Value
15134,27,4,614.86,390,27,153.715,0,Regular / Mid-Value
15135,139,1,139.05,43,9,139.05,1,At-Risk / Low-Value
15139,139,2,178.96,208,13,89.48,1,At-Risk / Low-Value
15140,15,5,1728.11,1266,53,345.62199999999996,3,High-Value / Loyal
15143,125,1,259.45,150,14,259.45,1,At-Risk / Low-Value
15144,13,9,2968.94,1450,78,329.88222222222225,3,High-Value / Loyal
15145,127,2,724.03,438,35,362.015,0,Regular / Mid-Value
15146,64,2,1327.16,1473,90,663.58,0,Regular / Mid-Value
15147,140,1,623.5,366,28,623.5,1,At-Risk / Low-Value
15149,33,1,520.8000000000001,128,23,520.8000000000001,2,Recent / Potential
15150,9,5,3569.62,2474,225,713.924,3,High-Value / Loyal
15152,13,6,2383.21,1173,110,397.20166666666665,3,High-Value / Loyal
15157,54,2,1505.37,1910,89,752.685,0,Regular / Mid-Value
15159,12,18,8969.97,5666,205,498.33166666666665,3,High-Value / Loyal
15160,257,1,158.16,84,4,158.16,1,At-Risk / Low-Value
15163,92,1,155.0,48,10,155.0,1,At-Risk / Low-Value
15164,108,2,368.18,143,52,184.09,1,At-Risk / Low-Value
15165,273,1,487.75,160,27,487.75,1,At-Risk / Low-Value
15167,220,1,163.0,67,39,163.0,1,At-Risk / Low-Value
15171,231,1,1289.5,290,5,1289.5,0,Regular / Mid-Value
15172,35,3,886.74,838,60,295.58,0,Regular / Mid-Value
15174,222,1,135.75,145,11,135.75,1,At-Risk / Low-Value
15178,160,1,40.5,30,3,40.5,1,At-Risk / Low-Value
15179,133,3,1455.12,1294,45,485.03999999999996,0,Regular / Mid-Value
15180,267,1,87.5,36,6,87.5,1,At-Risk / Low-Value
15181,75,2,434.99999999999994,252,10,217.49999999999997,0,Regular / Mid-Value
15182,54,2,622.85,253,24,311.425,0,Regular / Mid-Value
15184,90,1,235.23000000000002,73,20,235.23000000000002,1,At-Risk / Low-Value
15186,68,1,229.26,162,10,229.26,1,At-Risk / Low-Value
15187,29,4,1552.04,572,29,388.01,0,Regular / Mid-Value
15189,6,28,11128.54,4027,61,397.4478571428572,3,High-Value / Loyal
15192,19,3,1044.32,918,36,348.1066666666666,2,Recent / Potential
15194,26,11,4469.53,3283,152,406.3209090909091,3,High-Value / Loyal
15197,152,2,773.25,202,15,386.625,0,Regular / Mid-Value
15198,24,1,107.64,64,5,107.64,1,At-Risk / Low-Value
15199,135,2,657.15,227,3,328.575,0,Regular / Mid-Value
15201,26,4,933.26,914,29,233.315,0,Regular / Mid-Value
15203,5,4,1328.32,1339,73,332.08,2,Recent / Potential
15204,257,1,316.58,258,9,316.58,1,At-Risk / Low-Value
15205,27,1,476.29999999999995,196,24,476.29999999999995,2,Recent / Potential
15206,45,2,53.10000000000001,18,3,26.550000000000004,1,At-Risk / Low-Value
15208,63,2,323.52,154,16,161.76,1,At-Risk / Low-Value
15210,125,1,331.18,228,20,331.18,1,At-Risk / Low-Value
15211,265,1,383.07,117,23,383.07,1,At-Risk / Low-Value
15212,141,1,101.8,36,5,101.8,1,At-Risk / Low-Value
15213,218,2,328.35,272,22,164.175,1,At-Risk / Low-Value
15214,83,2,651.63,556,46,325.815,0,Regular / Mid-Value
15218,16,8,3865.35,2258,68,483.16875,3,High-Value / Loyal
15219,76,1,305.75,45,9,305.75,1,At-Risk / Low-Value
15220,15,5,1284.05,1137,84,256.81,3,High-Value / Loyal
15221,266,1,403.25,43,5,403.25,1,At-Risk / Low-Value
15222,218,1,585.0,440,5,585.0,1,At-Risk / Low-Value
15223,125,2,755.75,213,14,377.875,0,Regular / Mid-Value
15224,258,2,322.08,152,13,161.04,1,At-Risk / Low-Value
15225,134,1,409.40000000000003,226,23,409.40000000000003,1,At-Risk / Low-Value
15226,210,1,154.41,71,8,154.41,1,At-Risk / Low-Value
15227,115,3,876.8199999999999,589,36,292.2733333333333,0,Regular / Mid-Value
15228,29,3,2224.03,1505,83,741.3433333333334,0,Regular / Mid-Value
15230,139,2,429.6,351,23,214.8,1,At-Risk / Low-Value
15232,13,2,612.06,686,26,306.03,2,Recent / Potential
15234,176,1,197.0,196,14,197.0,1,At-Risk / Low-Value
15235,117,12,2247.51,1324,132,187.29250000000002,3,High-Value / Loyal
15236,198,1,321.05,269,15,321.05,1,At-Risk / Low-Value
15237,103,2,1093.65,798,74,546.825,0,Regular / Mid-Value
15238,84,1,300.14,222,14,300.14,1,At-Risk / Low-Value
15240,91,3,1045.38,755,30,348.46000000000004,0,Regular / Mid-Value
15241,27,6,1344.86,1558,73,224.14333333333332,3,High-Value / Loyal
15244,148,1,297.94,240,15,297.94,1,At-Risk / Low-Value
15245,34,3,2515.84,1784,55,838.6133333333333,0,Regular / Mid-Value
15246,138,2,514.15,247,32,257.075,1,At-Risk / Low-Value
15247,22,1,356.0,160,6,356.0,2,Recent / Potential
15249,7,10,5357.03,2922,178,535.703,3,High-Value / Loyal
15251,6,7,7452.12,4576,67,1064.5885714285714,3,High-Value / Loyal
15252,83,1,300.55,99,14,300.55,1,At-Risk / Low-Value
15253,69,1,173.85,211,12,173.85,1,At-Risk / Low-Value
15254,27,1,300.36,275,18,300.36,2,Recent / Potential
15256,48,1,98.45,55,6,98.45,1,At-Risk / Low-Value
15257,183,1,317.15,46,7,317.15,1,At-Risk / Low-Value
15258,68,2,623.16,142,32,311.58,0,Regular / Mid-Value
15260,0,7,1810.77,885,62,258.68142857142857,3,High-Value / Loyal
15261,35,1,254.82,270,19,254.82,1,At-Risk / Low-Value
15262,223,1,178.95000000000002,73,10,178.95000000000002,1,At-Risk / Low-Value
15263,6,1,156.51,89,12,156.51,2,Recent / Potential
15265,51,2,1506.1200000000001,612,76,753.0600000000001,0,Regular / Mid-Value
15266,238,1,119.3,18,6,119.3,1,At-Risk / Low-Value
15267,55,2,1407.76,704,7,703.88,0,Regular / Mid-Value
15270,17,5,1850.29,1017,21,370.058,3,High-Value / Loyal
15271,16,9,1372.34,716,103,152.48222222222222,3,High-Value / Loyal
15279,254,1,290.51,189,19,290.51,1,At-Risk / Low-Value
15280,72,1,113.12,154,16,113.12,1,At-Risk / Low-Value
15281,36,8,2191.78,1128,113,273.9725,3,High-Value / Loyal
15288,55,4,2006.3600000000001,721,74,501.59000000000003,0,Regular / Mid-Value
15289,37,2,697.98,768,41,348.99,0,Regular / Mid-Value
15290,3,12,3392.5899999999997,1723,51,282.7158333333333,3,High-Value / Loyal
15291,72,11,3306.27,1166,57,300.57,3,High-Value / Loyal
15292,101,1,180.94,56,24,180.94,1,At-Risk / Low-Value
15296,9,5,2599.49,1275,118,519.8979999999999,3,High-Value / Loyal
15298,42,6,2767.2,1685,71,461.2,3,High-Value / Loyal
15299,64,5,3035.01,2578,5,607.0020000000001,0,Regular / Mid-Value
15301,13,9,3747.8,2022,130,416.4222222222222,3,High-Value / Loyal
15303,190,1,574.02,248,31,574.02,1,At-Risk / Low-Value
15304,64,6,491.90000000000003,74,8,81.98333333333333,0,Regular / Mid-Value
15306,48,1,344.62,278,17,344.62,1,At-Risk / Low-Value
15308,174,1,310.47,175,19,310.47,1,At-Risk / Low-Value
15311,12,63,45131.27,28863,466,716.369365079365,3,High-Value / Loyal
15312,3,3,794.8,410,33,264.93333333333334,2,Recent / Potential
15313,10,1,52.0,25,1,52.0,2,Recent / Potential
15314,99,1,327.97,313,24,327.97,1,At-Risk / Low-Value
15315,16,1,233.54,262,16,233.54,2,Recent / Potential
15316,226,1,165.0,100,1,165.0,1,At-Risk / Low-Value
15319,183,1,204.5,175,16,204.5,1,At-Risk / Low-Value
15321,191,1,1159.47,545,38,1159.47,0,Regular / Mid-Value
15325,3,1,162.29,232,47,162.29,2,Recent / Potential
15326,233,1,311.71,386,29,311.71,1,At-Risk / Low-Value
15329,34,2,754.0,386,42,377.0,0,Regular / Mid-Value
15332,266,4,1661.06,652,29,415.265,0,Regular / Mid-Value
15333,108,1,1028.56,344,16,1028.56,0,Regular / Mid-Value
15334,56,3,351.67,274,67,117.22333333333334,0,Regular / Mid-Value
15339,218,1,257.9,159,40,257.9,1,At-Risk / Low-Value
15342,29,1,406.09,283,24,406.09,2,Recent / Potential
15346,232,1,252.42000000000002,144,17,252.42000000000002,1,At-Risk / Low-Value
15347,266,1,201.60000000000002,130,5,201.60000000000002,1,At-Risk / Low-Value
15349,58,2,473.81,327,65,236.905,0,Regular / Mid-Value
15350,273,1,115.65,51,5,115.65,1,At-Risk / Low-Value
15351,269,1,274.67,129,49,274.67,1,At-Risk / Low-Value
15353,154,2,777.02,343,59,388.51,0,Regular / Mid-Value
15356,5,8,2279.64,1385,201,284.955,3,High-Value / Loyal
15358,20,15,5639.81,4933,240,375.98733333333337,3,High-Value / Loyal
15361,261,1,418.92,336,7,418.92,1,At-Risk / Low-Value
15363,272,1,326.0,144,16,326.0,1,At-Risk / Low-Value
15364,154,1,331.80000000000007,84,3,331.80000000000007,1,At-Risk / Low-Value
15365,215,1,208.61,85,12,208.61,1,At-Risk / Low-Value
15366,258,1,105.54,61,8,105.54,1,At-Risk / Low-Value
15367,145,2,1416.18,750,65,708.09,0,Regular / Mid-Value
15370,41,4,1513.46,611,54,378.365,0,Regular / Mid-Value
15372,37,1,2007.3999999999999,2924,27,2007.3999999999999,0,Regular / Mid-Value
15373,15,9,1686.9,354,65,187.43333333333334,3,High-Value / Loyal
15374,28,1,168.0,126,3,168.0,1,At-Risk / Low-Value
15376,17,2,989.02,537,94,494.51,2,Recent / Potential
15379,69,7,3703.29,2305,145,529.0414285714286,3,High-Value / Loyal
15380,41,2,582.5600000000001,216,17,291.28000000000003,0,Regular / Mid-Value
15381,113,2,596.85,171,8,298.425,0,Regular / Mid-Value
15382,84,4,2127.12,1628,97,531.78,0,Regular / Mid-Value
15384,69,2,642.41,596,34,321.205,0,Regular / Mid-Value
15386,86,1,394.14,446,31,394.14,1,At-Risk / Low-Value
15388,170,1,140.54,88,10,140.54,1,At-Risk / Low-Value
15389,72,1,500.0,400,1,500.0,1,At-Risk / Low-Value
15392,260,1,338.98,402,19,338.98,1,At-Risk / Low-Value
15393,181,1,124.10000000000001,94,8,124.10000000000001,1,At-Risk / Low-Value
15394,104,2,1436.44,546,44,718.22,0,Regular / Mid-Value
15395,225,1,107.45,17,7,107.45,1,At-Risk / Low-Value
15396,12,1,288.18,122,14,288.18,2,Recent / Potential
15397,189,1,94.0,20,6,94.0,1,At-Risk / Low-Value
15400,13,4,611.2,340,9,152.8,2,Recent / Potential
15402,48,2,626.77,694,35,313.385,0,Regular / Mid-Value
15405,89,1,349.1,193,8,349.1,1,At-Risk / Low-Value
15406,201,1,252.29,130,42,252.29,1,At-Risk / Low-Value
15407,83,3,740.73,329,62,246.91,0,Regular / Mid-Value
15408,164,1,267.18,106,34,267.18,1,At-Risk / Low-Value
15410,29,6,2702.67,937,43,450.445,3,High-Value / Loyal
15411,24,2,382.21,155,22,191.105,2,Recent / Potential
15412,71,1,190.53,108,10,190.53,1,At-Risk / Low-Value
15414,142,1,36.2,12,5,36.2,1,At-Risk / Low-Value
15415,213,1,572.8100000000001,575,46,572.8100000000001,1,At-Risk / Low-Value
15416,55,3,3144.33,1698,135,1048.11,0,Regular / Mid-Value
15421,115,3,739.36,379,35,246.45333333333335,0,Regular / Mid-Value
15422,223,2,97.7,38,6,48.85,1,At-Risk / Low-Value
15424,154,2,383.34,554,17,191.67,1,At-Risk / Low-Value
15426,157,2,662.98,265,101,331.49,0,Regular / Mid-Value
15433,113,2,533.3,534,40,266.65,0,Regular / Mid-Value
15434,7,3,587.28,479,32,195.76,2,Recent / Potential
15436,134,1,489.05,251,124,489.05,1,At-Risk / Low-Value
15437,162,1,200.16,79,44,200.16,1,At-Risk / Low-Value
15438,31,1,156.57999999999998,59,25,156.57999999999998,1,At-Risk / Low-Value
15440,36,2,237.66,125,25,118.83,2,Recent / Potential
15442,148,1,594.0,120,2,594.0,1,At-Risk / Low-Value
15443,9,2,684.8,347,72,342.4,2,Recent / Potential
15445,164,1,113.5,58,5,113.5,1,At-Risk / Low-Value
15447,230,1,155.17,85,9,155.17,1,At-Risk / Low-Value
15448,212,1,494.64,232,28,494.64,1,At-Risk / Low-Value
15449,85,2,647.7,516,30,323.85,0,Regular / Mid-Value
15452,164,1,247.25,137,36,247.25,1,At-Risk / Low-Value
15453,31,3,485.01,265,77,161.67,2,Recent / Potential
15454,262,1,179.1,86,23,179.1,1,At-Risk / Low-Value
15456,183,3,447.22,660,48,149.07333333333335,0,Regular / Mid-Value
15457,162,1,237.07,132,56,237.07,1,At-Risk / Low-Value
15460,254,1,216.76,109,53,216.76,1,At-Risk / Low-Value
15462,43,2,169.8,124,7,84.9,1,At-Risk / Low-Value
15464,238,1,1048.85,350,155,1048.85,1,At-Risk / Low-Value
15465,38,15,5992.129999999999,906,38,399.47533333333325,3,High-Value / Loyal
15467,45,2,402.56,235,36,201.28,0,Regular / Mid-Value
15469,20,1,304.3,128,16,304.3,2,Recent / Potential
15472,13,1,371.56,251,76,371.56,2,Recent / Potential
15480,16,1,905.5,303,45,905.5,2,Recent / Potential
15482,65,4,2103.5,691,17,525.875,0,Regular / Mid-Value
15483,61,4,233.81,295,74,58.4525,0,Regular / Mid-Value
15485,236,2,1278.63,603,33,639.315,0,Regular / Mid-Value
15489,111,1,348.26,220,23,348.26,1,At-Risk / Low-Value
15491,0,5,2800.9300000000003,1490,108,560.186,3,High-Value / Loyal
15493,49,3,1318.75,362,126,439.5833333333333,0,Regular / Mid-Value
15494,21,1,1127.38,1077,87,1127.38,2,Recent / Potential
15497,219,1,970.6,528,10,970.6,1,At-Risk / Low-Value
15498,20,19,9126.37,4525,288,480.33526315789476,3,High-Value / Loyal
15502,23,5,5955.53,3761,148,1191.106,3,High-Value / Loyal
15503,262,1,147.09,74,66,147.09,1,At-Risk / Low-Value
15505,13,3,2091.14,964,36,697.0466666666666,2,Recent / Potential
15506,38,1,209.35,146,45,209.35,1,At-Risk / Low-Value
15507,71,1,492.36,162,41,492.36,1,At-Risk / Low-Value
15508,89,6,1000.27,440,78,166.71166666666667,0,Regular / Mid-Value
15510,230,1,250.0,2,1,250.0,1,At-Risk / Low-Value
15512,55,2,121.0,68,7,60.5,1,At-Risk / Low-Value
15513,6,15,8928.87,3717,145,595.258,3,High-Value / Loyal
15514,125,6,2561.94,1216,50,426.99,0,Regular / Mid-Value
15517,133,1,267.03,293,27,267.03,1,At-Risk / Low-Value
15518,24,7,1624.76,1127,125,232.10857142857142,3,High-Value / Loyal
15521,48,5,2116.98,1366,112,423.396,0,Regular / Mid-Value
15525,273,1,313.93,124,44,313.93,1,At-Risk / Low-Value
15527,44,5,1330.79,509,68,266.158,0,Regular / Mid-Value
15528,154,1,229.33,123,26,229.33,1,At-Risk / Low-Value
15529,42,8,2399.08,2038,280,299.885,3,High-Value / Loyal
15530,49,3,1168.73,666,77,389.57666666666665,0,Regular / Mid-Value
15532,31,3,1225.79,375,165,408.59666666666664,0,Regular / Mid-Value
15535,73,4,536.4,143,55,134.1,0,Regular / Mid-Value
15537,63,1,110.92,29,24,110.92,1,At-Risk / Low-Value
15541,14,1,85.13000000000001,49,29,85.13000000000001,2,Recent / Potential
15543,188,1,127.86,86,26,127.86,1,At-Risk / Low-Value
15544,19,7,2772.37,2212,95,396.05285714285714,3,High-Value / Loyal
15545,271,1,135.32999999999998,75,31,135.32999999999998,1,At-Risk / Low-Value
15547,10,8,2770.71,1846,236,346.33875,3,High-Value / Loyal
15549,57,2,1631.68,660,94,815.84,0,Regular / Mid-Value
15550,6,3,433.28,252,36,144.42666666666665,2,Recent / Potential
15552,117,1,90.12,60,17,90.12,1,At-Risk / Low-Value
15554,177,1,217.2,74,14,217.2,1,At-Risk / Low-Value
15555,3,10,2819.94,2440,260,281.994,3,High-Value / Loyal
15561,49,3,449.66999999999996,95,16,149.89,0,Regular / Mid-Value
15562,251,1,134.55,39,1,134.55,1,At-Risk / Low-Value
15563,100,2,735.62,742,55,367.81,0,Regular / Mid-Value
15569,3,5,1375.71,666,27,275.142,3,High-Value / Loyal
15570,41,9,2826.68,1139,184,314.0755555555555,3,High-Value / Loyal
15572,9,4,1555.29,689,109,388.8225,2,Recent / Potential
15574,77,4,702.25,349,131,175.5625,0,Regular / Mid-Value
15577,51,3,258.88,89,39,86.29333333333334,0,Regular / Mid-Value
15578,62,1,127.1,52,13,127.1,1,At-Risk / Low-Value
15579,213,1,199.6,56,25,199.6,1,At-Risk / Low-Value
15581,20,13,3679.9700000000003,286,134,283.0746153846154,3,High-Value / Loyal
15582,0,2,541.51,407,33,270.755,2,Recent / Potential
15584,62,1,154.65,49,35,154.65,1,At-Risk / Low-Value
15585,76,1,455.3,320,31,455.3,1,At-Risk / Low-Value
15587,42,2,456.84,156,3,228.42,0,Regular / Mid-Value
15589,155,3,478.53000000000003,243,28,159.51000000000002,0,Regular / Mid-Value
15594,134,1,267.91,145,15,267.91,1,At-Risk / Low-Value
15596,0,5,1406.59,561,51,281.318,3,High-Value / Loyal
15599,104,1,448.83,361,29,448.83,1,At-Risk / Low-Value
15601,22,11,5585.46,4003,200,507.7690909090909,3,High-Value / Loyal
15602,100,5,542.95,345,12,108.59,0,Regular / Mid-Value
15605,152,3,690.1800000000001,266,37,230.06000000000003,0,Regular / Mid-Value
15606,19,8,2439.38,762,42,304.9225,3,High-Value / Loyal
15607,236,1,104.76,202,13,104.76,1,At-Risk / Low-Value
15608,20,1,285.68,230,18,285.68,2,Recent / Potential
15609,84,1,298.48,148,16,298.48,1,At-Risk / Low-Value
15611,3,8,947.1400000000001,257,17,118.39250000000001,3,High-Value / Loyal
15615,5,19,7367.85,3837,153,387.7815789473684,3,High-Value / Loyal
15618,36,1,222.831,100,12,222.831,1,At-Risk / Low-Value
15620,120,2,875.01,600,59,437.505,0,Regular / Mid-Value
15622,97,5,2602.0,1225,127,520.4,0,Regular / Mid-Value
15623,41,1,301.03,125,19,301.03,1,At-Risk / Low-Value
15624,16,4,588.13,357,26,147.0325,2,Recent / Potential
15625,3,4,1534.26,1188,44,383.565,2,Recent / Potential
15626,229,1,281.88,312,20,281.88,1,At-Risk / Low-Value
15628,28,4,1313.55,861,53,328.3875,0,Regular / Mid-Value
15630,104,1,396.86,280,21,396.86,1,At-Risk / Low-Value
15632,21,6,2351.84,1304,76,391.97333333333336,3,High-Value / Loyal
15636,182,1,306.7,82,8,306.7,1,At-Risk / Low-Value
15639,34,1,425.32,323,25,425.32,2,Recent / Potential
15640,21,11,8919.34,4895,193,810.8490909090909,3,High-Value / Loyal
15641,5,4,1887.2,1562,102,471.8,2,Recent / Potential
15643,91,3,664.0,246,31,221.33333333333334,0,Regular / Mid-Value
15644,66,4,813.0,557,166,203.25,0,Regular / Mid-Value
15646,57,3,447.64000000000004,394,35,149.21333333333334,0,Regular / Mid-Value
15648,104,2,657.35,221,23,328.675,0,Regular / Mid-Value
15649,236,2,816.0,192,1,408.0,0,Regular / Mid-Value
15651,160,1,227.32,238,16,227.32,1,At-Risk / Low-Value
15653,15,1,48.0,48,4,48.0,2,Recent / Potential
15655,143,1,560.67,324,34,560.67,1,At-Risk / Low-Value
15656,78,3,563.63,202,34,187.87666666666667,0,Regular / Mid-Value
15658,90,5,1024.1000000000001,242,40,204.82000000000002,0,Regular / Mid-Value
15660,35,6,884.34,578,35,147.39000000000001,0,Regular / Mid-Value
15661,217,2,309.8,236,4,154.9,1,At-Risk / Low-Value
15663,6,1,138.14,106,9,138.14,2,Recent / Potential
15665,68,2,2242.01,1666,92,1121.005,0,Regular / Mid-Value
15668,117,1,76.32000000000001,72,1,76.32000000000001,1,At-Risk / Low-Value
15669,3,3,565.54,262,29,188.51333333333332,2,Recent / Potential
15670,196,1,173.05,91,12,173.05,1,At-Risk / Low-Value
15671,26,4,1334.49,801,44,333.6225,0,Regular / Mid-Value
15673,56,3,2104.39,1064,82,701.4633333333333,0,Regular / Mid-Value
15674,113,4,1379.66,626,39,344.915,0,Regular / Mid-Value
15675,55,2,225.39,485,16,112.695,1,At-Risk / Low-Value
15676,183,1,897.8,555,61,897.8,1,At-Risk / Low-Value
15679,54,2,260.26,398,18,130.13,1,At-Risk / Low-Value
15680,266,1,478.89,331,30,478.89,1,At-Risk / Low-Value
15681,83,3,703.22,450,22,234.40666666666667,0,Regular / Mid-Value
15683,17,1,193.75,131,10,193.75,2,Recent / Potential
15687,86,5,1679.45,657,69,335.89,0,Regular / Mid-Value
15689,19,2,254.1,84,8,127.05,2,Recent / Potential
15690,0,1,111.0,204,8,111.0,2,Recent / Potential
15691,152,1,136.8,72,2,136.8,1,At-Risk / Low-Value
15694,76,9,3305.78,739,23,367.30888888888893,3,High-Value / Loyal
15695,166,2,409.98,212,22,204.99,1,At-Risk / Low-Value
15696,120,6,1637.9,718,89,272.98333333333335,0,Regular / Mid-Value
15700,72,2,696.68,357,85,348.34,0,Regular / Mid-Value
15701,10,1,857.0,479,119,857.0,2,Recent / Potential
15703,164,1,211.5,66,5,211.5,1,At-Risk / Low-Value
15704,40,4,2293.62,1028,79,573.405,0,Regular / Mid-Value
15705,101,1,143.1,62,6,143.1,1,At-Risk / Low-Value
15706,16,1,450.05,160,29,450.05,2,Recent / Potential
15708,38,6,2700.43,1037,103,450.07166666666666,3,High-Value / Loyal
15709,183,1,133.25,121,6,133.25,1,At-Risk / Low-Value
15712,9,3,766.3100000000001,371,32,255.4366666666667,2,Recent / Potential
15713,43,2,356.7,150,18,178.35,0,Regular / Mid-Value
15716,45,4,1118.81,744,101,279.7025,0,Regular / Mid-Value
15717,134,1,150.3,70,7,150.3,1,At-Risk / Low-Value
15719,26,10,3553.5,1927,252,355.35,3,High-Value / Loyal
15722,8,3,1424.8,593,32,474.93333333333334,2,Recent / Potential
15723,264,1,203.1,87,37,203.1,1,At-Risk / Low-Value
15724,101,2,218.25,73,11,109.125,1,At-Risk / Low-Value
15727,7,6,4609.29,2627,191,768.215,3,High-Value / Loyal
15729,112,1,85.0,28,5,85.0,1,At-Risk / Low-Value
15730,106,1,467.43,314,29,467.43,1,At-Risk / Low-Value
15732,112,2,294.12,215,13,147.06,1,At-Risk / Low-Value
15733,182,1,162.3,62,10,162.3,1,At-Risk / Low-Value
15734,14,2,1339.45,346,25,669.725,2,Recent / Potential
15737,47,5,897.9300000000001,445,43,179.586,0,Regular / Mid-Value
15738,9,12,3558.4100000000003,2177,42,296.5341666666667,3,High-Value / Loyal
15743,13,2,434.05,119,31,217.025,2,Recent / Potential
15745,136,1,302.85,127,18,302.85,1,At-Risk / Low-Value
15746,34,1,196.88,178,28,196.88,1,At-Risk / Low-Value
15747,20,2,549.47,293,26,274.735,2,Recent / Potential
15749,135,3,44534.3,18028,5,14844.766666666668,0,Regular / Mid-Value
15750,70,4,1109.83,1054,125,277.4575,0,Regular / Mid-Value
15752,15,5,1623.63,1335,178,324.726,3,High-Value / Loyal
15753,204,1,79.2,144,1,79.2,1,At-Risk / Low-Value
15754,146,1,91.8,36,6,91.8,1,At-Risk / Low-Value
15755,8,3,1144.83,624,65,381.60999999999996,2,Recent / Potential
15756,52,3,364.84,167,118,121.61333333333333,0,Regular / Mid-Value
15757,117,1,261.36,167,16,261.36,1,At-Risk / Low-Value
15759,118,3,253.04,60,5,84.34666666666666,1,At-Risk / Low-Value
15764,7,5,3276.62,2048,150,655.324,3,High-Value / Loyal
15768,15,3,621.8299999999999,244,23,207.27666666666664,2,Recent / Potential
15769,1,19,41863.72,22140,19,2203.3536842105264,3,High-Value / Loyal
15775,145,1,104.9,68,7,104.9,1,At-Risk / Low-Value
15776,33,1,241.62,138,18,241.62,1,At-Risk / Low-Value
15777,141,4,1047.11,378,18,261.7775,0,Regular / Mid-Value
15780,83,3,475.28000000000003,220,26,158.42666666666668,0,Regular / Mid-Value
15781,37,2,211.3,66,11,105.65,2,Recent / Potential
15785,57,4,1665.83,1011,41,416.4575,0,Regular / Mid-Value
15786,14,1,3160.84,2310,165,3160.84,2,Recent / Potential
15789,258,1,351.3,438,25,351.3,1,At-Risk / Low-Value
15791,104,1,1223.24,558,54,1223.24,0,Regular / Mid-Value
15793,168,1,306.64,192,3,306.64,1,At-Risk / Low-Value
15795,49,1,610.01,581,42,610.01,1,At-Risk / Low-Value
15796,9,5,1575.72,529,59,315.144,3,High-Value / Loyal
15797,13,4,2207.4,873,8,551.85,3,High-Value / Loyal
15799,85,2,481.24,539,37,240.62,0,Regular / Mid-Value
15800,7,2,699.08,335,116,349.54,2,Recent / Potential
15801,9,1,137.22,70,9,137.22,2,Recent / Potential
15802,42,1,451.42,1,1,451.42,1,At-Risk / Low-Value
15804,8,4,2076.91,1101,103,519.2275,3,High-Value / Loyal
15805,6,11,3568.0,2283,150,324.3636363636364,3,High-Value / Loyal
15806,57,2,521.88,413,19,260.94,0,Regular / Mid-Value
15808,206,4,3734.9700000000003,1343,142,933.7425000000001,0,Regular / Mid-Value
15809,84,4,399.21,251,24,99.8025,0,Regular / Mid-Value
15810,70,3,1361.19,856,64,453.73,0,Regular / Mid-Value
15811,5,5,1773.8,760,89,354.76,3,High-Value / Loyal
15812,7,5,1801.14,922,36,360.228,3,High-Value / Loyal
15813,107,2,1303.9099999999999,603,40,651.9549999999999,0,Regular / Mid-Value
15815,40,4,1874.7,1514,24,468.675,0,Regular / Mid-Value
15819,31,3,1585.47,1139,83,528.49,0,Regular / Mid-Value
15820,219,1,206.98,128,17,206.98,1,At-Risk / Low-Value
15822,259,1,440.2,160,16,440.2,1,At-Risk / Low-Value
15823,272,1,15.0,1,1,15.0,1,At-Risk / Low-Value
15825,72,1,532.94,220,20,532.94,1,At-Risk / Low-Value
15826,110,1,720.0,488,28,720.0,1,At-Risk / Low-Value
15827,14,13,1598.16,749,60,122.93538461538462,3,High-Value / Loyal
15829,40,1,325.44,420,26,325.44,1,At-Risk / Low-Value
15831,24,2,451.11,687,22,225.555,2,Recent / Potential
15832,154,1,836.79,465,54,836.79,1,At-Risk / Low-Value
15834,65,3,1791.82,681,176,597.2733333333333,0,Regular / Mid-Value
15835,37,3,675.51,333,32,225.17,0,Regular / Mid-Value
15838,8,12,14153.5,7998,51,1179.4583333333333,3,High-Value / Loyal
15839,48,1,299.18,234,20,299.18,1,At-Risk / Low-Value
15840,72,1,241.74,256,17,241.74,1,At-Risk / Low-Value
15841,118,2,613.26,366,19,306.63,0,Regular / Mid-Value
15843,203,1,118.95000000000002,27,8,118.95000000000002,1,At-Risk / Low-Value
15845,44,5,2526.76,1378,73,505.35200000000003,0,Regular / Mid-Value
15847,188,1,180.68,348,9,180.68,1,At-Risk / Low-Value
15850,68,1,118.88,242,41,118.88,1,At-Risk / Low-Value
15852,86,2,160.71,48,22,80.355,1,At-Risk / Low-Value
15854,40,9,2393.69,744,70,265.96555555555557,3,High-Value / Loyal
15855,36,5,712.24,470,59,142.448,0,Regular / Mid-Value
15856,0,15,10098.45,6784,245,673.23,3,High-Value / Loyal
15858,189,2,816.22,725,91,408.11,0,Regular / Mid-Value
15860,24,5,654.28,273,62,130.856,0,Regular / Mid-Value
15861,34,3,1130.0,876,174,376.6666666666667,0,Regular / Mid-Value
15862,12,3,659.73,499,98,219.91,2,Recent / Potential
15863,92,1,9.2,2,2,9.2,1,At-Risk / Low-Value
15864,77,2,414.26,206,7,207.13,1,At-Risk / Low-Value
15865,113,1,313.93,178,16,313.93,1,At-Risk / Low-Value
15866,1,1,230.53,126,43,230.53,2,Recent / Potential
15867,13,12,2949.91,1487,253,245.82583333333332,3,High-Value / Loyal
15869,177,2,149.64,175,13,74.82,1,At-Risk / Low-Value
15874,77,6,2207.75,1065,79,367.9583333333333,0,Regular / Mid-Value
15880,269,1,343.28000000000003,211,95,343.28000000000003,1,At-Risk / Low-Value
15881,212,5,501.39000000000004,260,26,100.278,0,Regular / Mid-Value
15882,98,4,516.36,276,23,129.09,0,Regular / Mid-Value
15885,209,1,15.0,1,1,15.0,1,At-Risk / Low-Value
15889,56,2,446.87,215,79,223.435,0,Regular / Mid-Value
15891,126,1,524.52,442,60,524.52,1,At-Risk / Low-Value
15894,153,2,263.55,168,35,131.775,1,At-Risk / Low-Value
15895,49,1,179.17,94,11,179.17,1,At-Risk / Low-Value
15897,94,2,222.05,261,17,111.025,1,At-Risk / Low-Value
15898,126,4,1002.99,424,67,250.7475,0,Regular / Mid-Value
15899,268,1,56.25,39,4,56.25,1,At-Risk / Low-Value
15901,54,1,110.49,209,24,110.49,1,At-Risk / Low-Value
15903,127,2,641.6400000000001,676,19,320.82000000000005,0,Regular / Mid-Value
15906,44,4,797.71,242,56,199.4275,0,Regular / Mid-Value
15907,76,2,529.52,256,93,264.76,0,Regular / Mid-Value
15909,73,1,191.94,98,7,191.94,1,At-Risk / Low-Value
15910,107,4,550.61,431,117,137.6525,0,Regular / Mid-Value
15912,78,2,264.62,185,19,132.31,1,At-Risk / Low-Value
15916,91,5,848.53,395,64,169.706,0,Regular / Mid-Value
15917,147,1,123.1,42,12,123.1,1,At-Risk / Low-Value
15918,90,2,334.23,153,33,167.115,1,At-Risk / Low-Value
15919,268,1,270.72,242,38,270.72,1,At-Risk / Low-Value
15920,54,4,167.5,99,53,41.875,0,Regular / Mid-Value
15921,72,1,336.03000000000003,166,24,336.03000000000003,1,At-Risk / Low-Value
15922,273,1,369.5,138,11,369.5,1,At-Risk / Low-Value
15923,272,1,127.08,122,21,127.08,1,At-Risk / Low-Value
15925,94,1,207.15,93,12,207.15,1,At-Risk / Low-Value
15932,7,6,1885.95,1509,65,314.325,3,High-Value / Loyal
15935,139,2,416.86,115,12,208.43,1,At-Risk / Low-Value
15938,12,5,404.58,240,13,80.916,2,Recent / Potential
15939,7,14,5860.25,4572,28,418.5892857142857,3,High-Value / Loyal
15940,211,1,35.8,4,1,35.8,1,At-Risk / Low-Value
15942,33,1,337.44,232,14,337.44,2,Recent / Potential
15944,176,1,325.1,50,6,325.1,1,At-Risk / Low-Value
15945,265,1,181.0,52,2,181.0,1,At-Risk / Low-Value
15950,6,2,1091.38,445,66,545.69,2,Recent / Potential
15951,185,1,375.16999999999996,174,22,375.16999999999996,1,At-Risk / Low-Value
15952,59,2,327.8,144,25,163.9,1,At-Risk / Low-Value
15953,111,4,826.14,451,29,206.535,0,Regular / Mid-Value
15955,6,8,2463.65,1103,68,307.95625,3,High-Value / Loyal
15965,267,1,156.19,74,16,156.19,1,At-Risk / Low-Value
15967,218,1,173.8,62,32,173.8,1,At-Risk / Low-Value
15969,85,1,308.7,44,10,308.7,1,At-Risk / Low-Value
15970,203,1,314.1,116,11,314.1,1,At-Risk / Low-Value
15971,8,7,2109.45,912,9,301.34999999999997,3,High-Value / Loyal
15973,266,1,307.82000000000005,106,4,307.82000000000005,1,At-Risk / Low-Value
15974,33,5,2547.13,1526,100,509.42600000000004,0,Regular / Mid-Value
15976,65,2,430.94,277,83,215.47,0,Regular / Mid-Value
15980,154,1,760.18,592,20,760.18,1,At-Risk / Low-Value
15981,37,6,2458.2,1296,31,409.7,3,High-Value / Loyal
15983,260,3,1148.27,700,57,382.75666666666666,0,Regular / Mid-Value
15984,0,7,1848.76,958,176,264.10857142857145,3,High-Value / Loyal
15985,23,2,1142.42,1086,29,571.21,2,Recent / Potential
15987,20,6,1206.42,1374,64,201.07000000000002,3,High-Value / Loyal
15990,187,1,401.37,171,23,401.37,1,At-Risk / Low-Value
15996,16,5,907.86,340,91,181.572,2,Recent / Potential
15998,71,3,2112.06,1378,280,704.02,0,Regular / Mid-Value
16003,34,3,1793.9,595,56,597.9666666666667,0,Regular / Mid-Value
16005,82,2,298.08,127,77,149.04,1,At-Risk / Low-Value
16006,111,1,101.4,84,8,101.4,1,At-Risk / Low-Value
16007,80,2,733.45,583,128,366.725,0,Regular / Mid-Value
16008,104,1,139.15,75,6,139.15,1,At-Risk / Low-Value
16009,59,1,462.19,208,55,462.19,1,At-Risk / Low-Value
16010,145,3,407.5,210,62,135.83333333333334,0,Regular / Mid-Value
16011,19,10,1725.28,1135,82,172.528,3,High-Value / Loyal
16012,28,2,1132.12,551,49,566.06,0,Regular / Mid-Value
16013,9,34,21587.739999999998,8250,27,634.9335294117647,3,High-Value / Loyal
16014,52,2,529.9300000000001,229,115,264.96500000000003,0,Regular / Mid-Value
16016,96,4,817.57,311,99,204.3925,0,Regular / Mid-Value
16018,80,1,161.9,44,15,161.9,1,At-Risk / Low-Value
16019,36,7,2952.25,1193,85,421.75,3,High-Value / Loyal
16022,160,1,628.28,261,68,628.28,1,At-Risk / Low-Value
16023,92,2,500.69,227,59,250.345,0,Regular / Mid-Value
16027,37,5,776.22,859,11,155.244,0,Regular / Mid-Value
16029,7,46,52387.24,24507,43,1138.8530434782608,3,High-Value / Loyal
16030,209,1,331.24,283,28,331.24,1,At-Risk / Low-Value
16031,147,1,305.63,219,39,305.63,1,At-Risk / Low-Value
16033,8,16,5878.3,2155,367,367.39375,3,High-Value / Loyal
16034,96,3,437.7,242,18,145.9,0,Regular / Mid-Value
16036,163,1,188.73,127,11,188.73,1,At-Risk / Low-Value
16037,169,3,855.02,428,37,285.00666666666666,0,Regular / Mid-Value
16038,77,2,393.33,229,23,196.665,1,At-Risk / Low-Value
16040,48,2,876.1800000000001,509,42,438.09000000000003,0,Regular / Mid-Value
16041,41,2,2739.8,1044,5,1369.9,0,Regular / Mid-Value
16042,7,2,460.28,272,26,230.14,2,Recent / Potential
16043,111,3,676.49,342,22,225.49666666666667,0,Regular / Mid-Value
16045,19,4,1340.7,897,71,335.175,2,Recent / Potential
16048,273,2,256.44,144,8,128.22,1,At-Risk / Low-Value
16050,73,1,137.9,278,10,137.9,1,At-Risk / Low-Value
16053,22,1,1124.19,1003,62,1124.19,2,Recent / Potential
16054,45,1,783.9,380,70,783.9,0,Regular / Mid-Value
16055,120,1,134.8,22,8,134.8,1,At-Risk / Low-Value
16057,111,3,1059.54,377,58,353.18,0,Regular / Mid-Value
16059,63,4,951.3000000000001,392,99,237.82500000000002,0,Regular / Mid-Value
16062,33,3,778.14,650,37,259.38,0,Regular / Mid-Value
16063,160,1,335.32,262,23,335.32,1,At-Risk / Low-Value
16065,265,1,372.09,231,71,372.09,1,At-Risk / Low-Value
16066,24,1,316.38,186,6,316.38,2,Recent / Potential
16072,188,1,584.3199999999999,140,23,584.3199999999999,1,At-Risk / Low-Value
16073,197,1,122.39999999999999,48,1,122.39999999999999,1,At-Risk / Low-Value
16076,20,3,887.8000000000001,710,49,295.93333333333334,2,Recent / Potential
16078,183,1,79.2,16,1,79.2,1,At-Risk / Low-Value
16080,174,1,130.26,66,5,130.26,1,At-Risk / Low-Value
16081,85,3,992.37,476,57,330.79,0,Regular / Mid-Value
16083,0,2,1317.62,908,31,658.81,2,Recent / Potential
16084,199,1,436.18,216,38,436.18,1,At-Risk / Low-Value
16085,136,2,325.04,224,48,162.52,1,At-Risk / Low-Value
16086,100,3,587.0600000000001,248,16,195.6866666666667,0,Regular / Mid-Value
16091,54,2,315.06,154,16,157.53,1,At-Risk / Low-Value
16092,14,3,817.86,628,37,272.62,2,Recent / Potential
16093,6,1,17.0,20,1,17.0,2,Recent / Potential
16094,119,1,252.1,164,16,252.1,1,At-Risk / Low-Value
16096,164,1,320.62,155,12,320.62,1,At-Risk / Low-Value
16097,140,1,185.04999999999998,87,10,185.04999999999998,1,At-Risk / Low-Value
16098,28,6,1712.49,501,31,285.415,3,High-Value / Loyal
16099,37,2,592.1,362,26,296.05,0,Regular / Mid-Value
16102,28,1,839.76,464,31,839.76,2,Recent / Potential
16103,57,4,1156.4,388,24,289.1,0,Regular / Mid-Value
16105,148,1,336.96,330,13,336.96,1,At-Risk / Low-Value
16107,3,3,1494.1200000000001,500,16,498.04,2,Recent / Potential
16109,118,2,611.88,612,18,305.94,0,Regular / Mid-Value
16110,162,2,693.93,353,173,346.965,0,Regular / Mid-Value
16112,43,4,195.73999999999998,574,15,48.934999999999995,0,Regular / Mid-Value
16113,83,1,161.38,176,30,161.38,1,At-Risk / Low-Value
16114,70,1,135.75000000000003,43,8,135.75000000000003,1,At-Risk / Low-Value
16115,17,5,931.68,599,125,186.33599999999998,2,Recent / Potential
16116,111,1,612.78,248,34,612.78,1,At-Risk / Low-Value
16117,89,1,232.21,130,30,232.21,1,At-Risk / Low-Value
16121,115,1,287.89,142,60,287.89,1,At-Risk / Low-Value
16122,12,3,550.26,912,24,183.42,2,Recent / Potential
16124,217,1,249.0,48,11,249.0,1,At-Risk / Low-Value
16125,267,1,289.35,124,13,289.35,1,At-Risk / Low-Value
16126,1,3,3706.7000000000003,1084,41,1235.5666666666668,3,High-Value / Loyal
16128,43,2,694.7,366,34,347.35,0,Regular / Mid-Value
16131,15,4,2278.5,1244,46,569.625,3,High-Value / Loyal
16133,1,23,10619.27,6223,139,461.7073913043478,3,High-Value / Loyal
16134,259,1,283.53000000000003,158,16,283.53000000000003,1,At-Risk / Low-Value
16135,162,1,517.55,209,21,517.55,1,At-Risk / Low-Value
16136,177,1,159.3,66,8,159.3,1,At-Risk / Low-Value
16139,12,2,306.37,155,13,153.185,2,Recent / Potential
16140,271,1,124.14,104,7,124.14,1,At-Risk / Low-Value
16142,149,1,535.34,422,37,535.34,1,At-Risk / Low-Value
16143,8,5,1949.3600000000001,715,70,389.872,3,High-Value / Loyal
16144,146,1,175.2,16,1,175.2,1,At-Risk / Low-Value
16145,23,7,2282.3,1913,93,326.04285714285714,3,High-Value / Loyal
16146,57,3,734.13,427,26,244.71,0,Regular / Mid-Value
16147,33,1,375.0,246,22,375.0,2,Recent / Potential
16148,196,1,76.32000000000001,72,1,76.32000000000001,1,At-Risk / Low-Value
16149,42,1,163.68,168,11,163.68,1,At-Risk / Low-Value
16150,28,3,1408.7,774,66,469.56666666666666,0,Regular / Mid-Value
16152,168,1,1829.04,642,29,1829.04,0,Regular / Mid-Value
16153,15,4,1023.54,530,50,255.885,2,Recent / Potential
16156,51,5,1445.17,689,62,289.034,0,Regular / Mid-Value
16159,181,1,348.2,236,14,348.2,1,At-Risk / Low-Value
16161,40,12,3063.7,1488,172,255.3083333333333,3,High-Value / Loyal
16162,152,1,37.4,4,2,37.4,1,At-Risk / Low-Value
16163,132,2,856.6,192,5,428.3,0,Regular / Mid-Value
16168,3,16,2361.2,1224,39,147.575,3,High-Value / Loyal
16170,12,5,1560.6599999999999,1483,91,312.13199999999995,3,High-Value / Loyal
16172,30,3,800.35,531,41,266.78333333333336,0,Regular / Mid-Value
16174,26,3,1009.5500000000001,651,19,336.5166666666667,0,Regular / Mid-Value
16175,69,3,736.89,369,34,245.63,0,Regular / Mid-Value
16178,38,1,197.9,94,8,197.9,1,At-Risk / Low-Value
16180,0,8,10254.18,5867,90,1281.7725,3,High-Value / Loyal
16182,30,3,4844.0,2800,8,1614.6666666666667,0,Regular / Mid-Value
16184,5,5,985.8000000000001,470,22,197.16000000000003,2,Recent / Potential
16185,132,1,335.0,153,19,335.0,1,At-Risk / Low-Value
16186,3,9,2696.53,2242,67,299.6144444444445,3,High-Value / Loyal
16187,13,10,4601.32,3381,130,460.13199999999995,3,High-Value / Loyal
16188,41,3,755.03,645,51,251.67666666666665,0,Regular / Mid-Value
16191,162,8,2615.68,1612,25,326.96,0,Regular / Mid-Value
16193,136,1,314.45,219,19,314.45,1,At-Risk / Low-Value
16200,64,1,550.57,231,58,550.57,1,At-Risk / Low-Value
16201,9,1,303.8,208,19,303.8,2,Recent / Potential
16202,260,1,365.27,191,18,365.27,1,At-Risk / Low-Value
16203,47,3,378.3,158,19,126.10000000000001,0,Regular / Mid-Value
16205,79,1,112.35,64,27,112.35,1,At-Risk / Low-Value
16206,24,3,409.86,203,48,136.62,2,Recent / Potential
16208,189,1,497.59,243,40,497.59,1,At-Risk / Low-Value
16209,19,4,2116.9,1103,35,529.225,0,Regular / Mid-Value
16210,16,10,10904.08,4261,47,1090.408,3,High-Value / Loyal
16212,183,1,498.15000000000003,151,30,498.15000000000003,1,At-Risk / Low-Value
16214,70,3,1062.75,420,36,354.25,0,Regular / Mid-Value
16216,167,1,914.9300000000001,254,37,914.9300000000001,1,At-Risk / Low-Value
16217,135,2,304.25,91,13,152.125,1,At-Risk / Low-Value
16218,14,6,2635.48,1752,51,439.24666666666667,3,High-Value / Loyal
16221,175,2,315.37,267,29,157.685,1,At-Risk / Low-Value
16222,218,1,846.72,365,120,846.72,1,At-Risk / Low-Value
16224,41,3,865.88,798,63,288.62666666666667,0,Regular / Mid-Value
16225,49,4,953.64,451,108,238.41,0,Regular / Mid-Value
16226,103,3,255.12,192,6,85.04,1,At-Risk / Low-Value
16227,125,1,314.22,90,6,314.22,1,At-Risk / Low-Value
16229,112,1,358.2,92,12,358.2,1,At-Risk / Low-Value
16230,89,2,542.03,365,32,271.015,0,Regular / Mid-Value
16232,43,3,725.04,438,23,241.67999999999998,0,Regular / Mid-Value
16233,229,2,326.5,90,9,163.25,1,At-Risk / Low-Value
16235,86,3,665.29,251,34,221.76333333333332,0,Regular / Mid-Value
16239,89,1,347.9,182,15,347.9,1,At-Risk / Low-Value
16241,14,8,1507.8700000000001,843,247,188.48375000000001,3,High-Value / Loyal
16242,65,3,846.59,375,60,282.19666666666666,0,Regular / Mid-Value
16244,111,2,1522.75,855,88,761.375,0,Regular / Mid-Value
16245,21,2,769.7,430,49,384.85,2,Recent / Potential
16247,70,1,114.56,182,16,114.56,1,At-Risk / Low-Value
16249,12,4,1440.77,762,48,360.1925,2,Recent / Potential
16250,161,2,389.44,208,22,194.72,1,At-Risk / Low-Value
16253,155,1,1700.4,1340,53,1700.4,0,Regular / Mid-Value
16255,31,6,1797.75,1184,122,299.625,3,High-Value / Loyal
16256,166,1,752.4300000000001,581,13,752.4300000000001,1,At-Risk / Low-Value
16257,76,1,46.95,2,2,46.95,1,At-Risk / Low-Value
16258,27,4,3741.06,2345,72,935.265,3,High-Value / Loyal
16261,13,2,418.38,197,66,209.19,2,Recent / Potential
16265,10,7,4062.02,1871,132,580.2885714285715,3,High-Value / Loyal
16266,15,6,761.12,353,37,126.85333333333334,2,Recent / Potential
16270,253,1,1141.24,688,54,1141.24,1,At-Risk / Low-Value
16271,26,3,893.03,686,51,297.6766666666667,0,Regular / Mid-Value
16272,16,1,411.7,224,25,411.7,2,Recent / Potential
16274,273,1,357.95,155,64,357.95,1,At-Risk / Low-Value
16275,96,1,559.87,336,33,559.87,1,At-Risk / Low-Value
16276,76,1,810.6000000000001,420,6,810.6000000000001,0,Regular / Mid-Value
16278,0,1,566.38,114,23,566.38,2,Recent / Potential
16279,76,1,359.08000000000004,156,16,359.08000000000004,1,At-Risk / Low-Value
16282,239,1,168.3,114,11,168.3,1,At-Risk / Low-Value
16283,20,3,586.35,441,59,195.45000000000002,2,Recent / Potential
16287,69,1,142.5,298,8,142.5,1,At-Risk / Low-Value
16292,21,1,302.25,191,17,302.25,2,Recent / Potential
16293,107,4,1129.74,513,58,282.435,0,Regular / Mid-Value
16297,168,1,301.9,206,20,301.9,1,At-Risk / Low-Value
16298,86,1,114.3,50,7,114.3,1,At-Risk / Low-Value
16302,26,1,233.22,158,11,233.22,2,Recent / Potential
16303,15,2,4036.33,2025,112,2018.165,2,Recent / Potential
16305,38,1,361.21999999999997,256,22,361.21999999999997,1,At-Risk / Low-Value
16306,113,6,632.27,487,36,105.37833333333333,0,Regular / Mid-Value
16308,7,3,1600.0,5000,1,533.3333333333334,2,Recent / Potential
16309,6,2,706.57,467,39,353.285,2,Recent / Potential
16315,230,1,226.37,75,14,226.37,1,At-Risk / Low-Value
16316,57,7,2212.81,1185,103,316.11571428571426,0,Regular / Mid-Value
16317,19,3,1341.65,890,64,447.2166666666667,2,Recent / Potential
16319,117,1,404.40000000000003,72,3,404.40000000000003,1,At-Risk / Low-Value
16320,72,2,1038.46,732,56,519.23,0,Regular / Mid-Value
16321,205,3,223.65,63,5,74.55,1,At-Risk / Low-Value
16323,96,1,207.50000000000003,50,1,207.50000000000003,1,At-Risk / Low-Value
16324,28,3,428.68,282,100,142.89333333333335,2,Recent / Potential
16325,55,2,416.02000000000004,120,11,208.01000000000002,0,Regular / Mid-Value
16326,17,7,1224.92,236,74,174.98857142857145,3,High-Value / Loyal
16327,99,4,2469.64,1618,119,617.41,0,Regular / Mid-Value
16330,12,2,48.96,23,17,24.48,2,Recent / Potential
16332,30,3,659.27,271,43,219.75666666666666,0,Regular / Mid-Value
16333,23,17,14369.2,23224,8,845.2470588235294,3,High-Value / Loyal
16338,57,1,214.79999999999998,94,11,214.79999999999998,1,At-Risk / Low-Value
16339,184,1,109.95,23,17,109.95,1,At-Risk / Low-Value
16340,7,1,549.07,501,124,549.07,2,Recent / Potential
16341,101,1,797.65,534,29,797.65,1,At-Risk / Low-Value
16342,7,3,283.71,145,10,94.57,2,Recent / Potential
16344,58,1,101.10000000000001,18,1,101.10000000000001,1,At-Risk / Low-Value
16348,28,4,775.14,413,116,193.785,0,Regular / Mid-Value
16349,190,1,53.5,9,9,53.5,1,At-Risk / Low-Value
16350,233,1,376.7,196,22,376.7,1,At-Risk / Low-Value
16351,232,1,153.9,90,8,153.9,1,At-Risk / Low-Value
16353,3,13,3325.9100000000003,1211,45,255.8392307692308,3,High-Value / Loyal
16356,97,3,211.77,93,20,70.59,1,At-Risk / Low-Value
16357,62,2,257.95,55,9,128.975,1,At-Risk / Low-Value
16358,84,1,462.15000000000003,221,22,462.15000000000003,1,At-Risk / Low-Value
16359,76,6,1246.83,796,37,207.80499999999998,0,Regular / Mid-Value
16364,37,1,347.55,115,28,347.55,1,At-Risk / Low-Value
16365,23,7,862.56,325,34,123.22285714285714,3,High-Value / Loyal
16367,262,1,170.91,91,33,170.91,1,At-Risk / Low-Value
16369,96,1,354.45,199,15,354.45,1,At-Risk / Low-Value
16370,17,3,953.11,524,133,317.7033333333333,2,Recent / Potential
16374,162,1,156.3,52,26,156.3,1,At-Risk / Low-Value
16377,167,1,676.2,1500,5,676.2,1,At-Risk / Low-Value
16378,147,3,362.95,267,22,120.98333333333333,0,Regular / Mid-Value
16383,168,1,309.46,298,48,309.46,1,At-Risk / Low-Value
16384,163,1,409.1,200,24,409.1,1,At-Risk / Low-Value
16385,58,2,274.85,155,36,137.425,1,At-Risk / Low-Value
16386,153,1,61.10000000000001,26,4,61.10000000000001,1,At-Risk / Low-Value
16387,222,1,94.36,44,4,94.36,1,At-Risk / Low-Value
16389,105,2,670.17,307,16,335.085,0,Regular / Mid-Value
16392,169,1,221.19,203,41,221.19,1,At-Risk / Low-Value
16393,42,8,1506.63,900,94,188.32875,3,High-Value / Loyal
16394,71,3,933.1,1404,49,311.03333333333336,0,Regular / Mid-Value
16395,68,3,967.25,897,87,322.4166666666667,0,Regular / Mid-Value
16398,54,2,1705.8,758,75,852.9,0,Regular / Mid-Value
16399,135,1,178.41,159,31,178.41,1,At-Risk / Low-Value
16401,31,7,2455.42,2320,52,350.7742857142857,3,High-Value / Loyal
16402,164,2,299.6,149,55,149.8,1,At-Risk / Low-Value
16403,212,1,177.5,114,10,177.5,1,At-Risk / Low-Value
16405,202,2,167.25,187,3,83.625,1,At-Risk / Low-Value
16407,10,8,1529.62,777,76,191.2025,3,High-Value / Loyal
16409,50,3,1039.27,677,106,346.42333333333335,0,Regular / Mid-Value
16411,269,1,131.5,70,19,131.5,1,At-Risk / Low-Value
16414,180,1,50.8,16,3,50.8,1,At-Risk / Low-Value
16418,126,1,145.91,87,18,145.91,1,At-Risk / Low-Value
16419,12,6,972.23,436,36,162.03833333333333,3,High-Value / Loyal
16422,7,38,28566.72,27260,68,751.7557894736842,3,High-Value / Loyal
16424,91,1,133.56,88,5,133.56,1,At-Risk / Low-Value
16425,202,1,302.7,199,21,302.7,1,At-Risk / Low-Value
16426,176,1,328.37,157,11,328.37,1,At-Risk / Low-Value
16427,163,2,241.06,156,8,120.53,1,At-Risk / Low-Value
16429,6,1,284.55,9,2,284.55,2,Recent / Potential
16431,113,3,642.81,453,51,214.26999999999998,0,Regular / Mid-Value
16434,92,3,724.22,391,36,241.40666666666667,0,Regular / Mid-Value
16440,114,1,272.46,115,35,272.46,1,At-Risk / Low-Value
16441,191,1,211.0,110,12,211.0,1,At-Risk / Low-Value
16442,127,2,437.03,354,99,218.515,1,At-Risk / Low-Value
16444,94,2,240.08,134,37,120.04,1,At-Risk / Low-Value
16446,105,1,2.9,2,2,2.9,1,At-Risk / Low-Value
16447,35,1,259.01,223,34,259.01,1,At-Risk / Low-Value
16448,98,1,188.89000000000001,78,19,188.89000000000001,1,At-Risk / Low-Value
16449,97,2,707.69,367,40,353.845,0,Regular / Mid-Value
16450,49,1,311.92,200,11,311.92,1,At-Risk / Low-Value
16455,104,5,1133.78,612,44,226.756,0,Regular / Mid-Value
16456,3,4,1700.77,928,77,425.1925,2,Recent / Potential
16457,118,1,208.36,140,9,208.36,1,At-Risk / Low-Value
16458,6,11,2151.5,1360,43,195.5909090909091,3,High-Value / Loyal
16461,77,1,151.42,49,31,151.42,1,At-Risk / Low-Value
16462,85,2,68.0,8,1,34.0,1,At-Risk / Low-Value
16463,104,1,319.37,179,19,319.37,1,At-Risk / Low-Value
16464,42,1,385.0,316,88,385.0,1,At-Risk / Low-Value
16466,3,5,1002.1800000000001,532,68,200.436,2,Recent / Potential
16469,146,2,276.88,114,52,138.44,1,At-Risk / Low-Value
16470,15,3,539.13,358,83,179.71,2,Recent / Potential
16471,174,1,223.95000000000002,141,13,223.95000000000002,1,At-Risk / Low-Value
16473,64,3,316.11,196,18,105.37,0,Regular / Mid-Value
16474,45,1,355.57,204,82,355.57,1,At-Risk / Low-Value
16475,43,3,459.3,318,22,153.1,0,Regular / Mid-Value
16477,31,6,1999.26,1099,96,333.21,3,High-Value / Loyal
16483,92,1,139.35,44,19,139.35,1,At-Risk / Low-Value
16484,73,2,404.3,200,25,202.15,1,At-Risk / Low-Value
16488,14,2,354.57,619,22,177.285,2,Recent / Potential
16493,73,3,782.29,706,25,260.7633333333333,0,Regular / Mid-Value
16494,196,1,826.53,675,47,826.53,1,At-Risk / Low-Value
16495,176,2,246.51,166,32,123.255,1,At-Risk / Low-Value
16496,107,2,1185.04,784,71,592.52,0,Regular / Mid-Value
16497,103,5,1550.7,789,82,310.14,0,Regular / Mid-Value
16498,61,2,100.97,45,15,50.485,1,At-Risk / Low-Value
16499,260,2,365.45,127,18,182.725,1,At-Risk / Low-Value
16500,230,1,165.0,1,1,165.0,1,At-Risk / Low-Value
16503,6,4,1431.93,569,71,357.9825,2,Recent / Potential
16509,196,1,363.7,64,13,363.7,1,At-Risk / Low-Value
16510,272,1,248.1,92,13,248.1,1,At-Risk / Low-Value
16511,44,2,582.7,275,83,291.35,0,Regular / Mid-Value
16515,50,3,987.61,551,63,329.2033333333333,0,Regular / Mid-Value
16517,177,1,162.7,96,17,162.7,1,At-Risk / Low-Value
16518,184,1,190.7,124,11,190.7,1,At-Risk / Low-Value
16519,265,1,103.7,24,5,103.7,1,At-Risk / Low-Value
16520,86,3,1046.57,558,129,348.8566666666666,0,Regular / Mid-Value
16523,15,12,4768.25,2123,81,397.3541666666667,3,High-Value / Loyal
16525,17,20,9998.55,5589,67,499.92749999999995,3,High-Value / Loyal
16526,71,1,290.36,106,15,290.36,1,At-Risk / Low-Value
16529,90,1,455.25,198,30,455.25,1,At-Risk / Low-Value
16531,27,4,684.53,567,41,171.1325,0,Regular / Mid-Value
16532,35,2,4516.8,1536,2,2258.4,0,Regular / Mid-Value
16536,10,1,548.97,251,49,548.97,2,Recent / Potential
16539,119,3,1053.61,421,34,351.2033333333333,0,Regular / Mid-Value
16545,64,1,339.3,78,3,339.3,1,At-Risk / Low-Value
16546,190,2,787.15,549,25,393.575,0,Regular / Mid-Value
16549,24,2,781.52,517,131,390.76,2,Recent / Potential
16550,8,5,2298.97,1540,162,459.794,3,High-Value / Loyal
16551,30,2,617.17,597,19,308.585,2,Recent / Potential
16552,142,2,379.73,219,17,189.865,1,At-Risk / Low-Value
16553,63,12,5719.82,4600,62,476.65166666666664,3,High-Value / Loyal
16554,122,2,314.11,129,21,157.055,1,At-Risk / Low-Value
16555,9,1,151.98,90,9,151.98,2,Recent / Potential
16556,5,6,2556.37,1342,111,426.06166666666667,3,High-Value / Loyal
16557,37,1,101.15,13,6,101.15,1,At-Risk / Low-Value
16558,21,13,4362.4,3008,158,335.5692307692307,3,High-Value / Loyal
16560,258,1,332.18,169,20,332.18,1,At-Risk / Low-Value
16565,264,1,173.7,46,3,173.7,1,At-Risk / Low-Value
16566,70,3,463.88,216,9,154.62666666666667,0,Regular / Mid-Value
16567,94,2,865.6,996,34,432.8,0,Regular / Mid-Value
16570,27,6,2134.07,1427,52,355.67833333333334,3,High-Value / Loyal
16571,76,2,896.79,891,54,448.395,0,Regular / Mid-Value
16572,27,3,1009.6,532,40,336.53333333333336,0,Regular / Mid-Value
16573,190,1,292.63,111,16,292.63,1,At-Risk / Low-Value
16581,82,1,105.84,134,9,105.84,1,At-Risk / Low-Value
16582,13,1,313.62,164,6,313.62,2,Recent / Potential
16583,273,1,233.45,111,14,233.45,1,At-Risk / Low-Value
16584,154,1,611.94,488,14,611.94,1,At-Risk / Low-Value
16586,148,1,463.95,95,8,463.95,1,At-Risk / Low-Value
16587,132,1,225.15,71,13,225.15,1,At-Risk / Low-Value
16589,6,2,214.68,156,13,107.34,2,Recent / Potential
16592,36,10,2214.33,1785,102,221.433,3,High-Value / Loyal
16593,89,2,255.5,85,20,127.75,1,At-Risk / Low-Value
16596,266,1,120.65,47,6,120.65,1,At-Risk / Low-Value
16598,185,1,145.04999999999998,73,10,145.04999999999998,1,At-Risk / Low-Value
16600,153,2,237.46,368,18,118.73,1,At-Risk / Low-Value
16607,28,10,2267.58,2070,94,226.75799999999998,3,High-Value / Loyal
16609,35,5,2710.04,1245,103,542.008,0,Regular / Mid-Value
16610,119,1,75.66,66,6,75.66,1,At-Risk / Low-Value
16611,86,1,129.49,47,9,129.49,1,At-Risk / Low-Value
16612,19,3,870.3000000000001,394,42,290.1,2,Recent / Potential
16614,82,1,506.19,223,26,506.19,1,At-Risk / Low-Value
16616,57,1,210.10000000000002,110,11,210.10000000000002,1,At-Risk / Low-Value
16617,135,1,151.85,91,5,151.85,1,At-Risk / Low-Value
16618,110,4,1441.29,771,44,360.3225,0,Regular / Mid-Value
16619,163,1,226.21,133,14,226.21,1,At-Risk / Low-Value
16620,160,1,95.75999999999999,48,5,95.75999999999999,1,At-Risk / Low-Value
16621,47,3,609.41,187,17,203.13666666666666,0,Regular / Mid-Value
16623,145,1,129.45,39,5,129.45,1,At-Risk / Low-Value
16624,97,1,426.43,196,21,426.43,1,At-Risk / Low-Value
16625,174,1,333.08,164,23,333.08,1,At-Risk / Low-Value
16626,13,7,2165.34,1108,74,309.3342857142857,3,High-Value / Loyal
16628,6,4,1619.8400000000001,844,64,404.96000000000004,2,Recent / Potential
16633,14,3,1168.26,463,51,389.42,2,Recent / Potential
16634,122,2,217.9,82,9,108.95,1,At-Risk / Low-Value
16637,23,2,530.55,351,29,265.275,2,Recent / Potential
16638,6,8,1429.71,1010,78,178.71375,3,High-Value / Loyal
16639,106,2,471.15000000000003,159,19,235.57500000000002,1,At-Risk / Low-Value
16641,5,1,231.10000000000002,256,12,231.10000000000002,2,Recent / Potential
16642,107,1,307.73,131,15,307.73,1,At-Risk / Low-Value
16643,145,1,487.51,269,27,487.51,1,At-Risk / Low-Value
16644,77,2,833.78,826,62,416.89,0,Regular / Mid-Value
16647,69,2,214.06,146,12,107.03,1,At-Risk / Low-Value
16652,9,5,4525.87,2077,53,905.174,3,High-Value / Loyal
16654,41,4,601.27,282,29,150.3175,0,Regular / Mid-Value
16655,31,3,1868.89,1035,125,622.9633333333334,0,Regular / Mid-Value
16656,20,10,6257.0,6278,13,625.7,3,High-Value / Loyal
16657,48,2,446.11,668,111,223.055,0,Regular / Mid-Value
16658,268,1,123.24,40,8,123.24,1,At-Risk / Low-Value
16659,89,1,39.12,72,2,39.12,1,At-Risk / Low-Value
16660,110,2,384.36,228,5,192.18,1,At-Risk / Low-Value
16665,262,1,135.39999999999998,59,9,135.39999999999998,1,At-Risk / Low-Value
16667,184,1,203.35,78,20,203.35,1,At-Risk / Low-Value
16668,16,5,266.52,258,9,53.303999999999995,2,Recent / Potential
16670,6,8,3239.9700000000003,2152,150,404.99625000000003,3,High-Value / Loyal
16671,64,1,1382.88,656,3,1382.88,0,Regular / Mid-Value
16672,12,16,6303.74,2252,22,393.98375,3,High-Value / Loyal
16676,113,3,1098.5,412,58,366.1666666666667,0,Regular / Mid-Value
16678,19,7,1830.34,1370,74,261.47714285714284,3,High-Value / Loyal
16679,266,1,129.75,29,3,129.75,1,At-Risk / Low-Value
16681,44,4,1332.68,1050,15,333.17,0,Regular / Mid-Value
16682,58,2,626.3,562,15,313.15,0,Regular / Mid-Value
16684,33,18,33883.5,24485,88,1882.4166666666667,3,High-Value / Loyal
16686,3,5,2065.52,1518,281,413.104,3,High-Value / Loyal
16690,101,1,86.5,46,5,86.5,1,At-Risk / Low-Value
16692,156,2,1276.0,152,2,638.0,0,Regular / Mid-Value
16693,171,1,157.56,51,21,157.56,1,At-Risk / Low-Value
16696,35,4,657.9000000000001,146,7,164.47500000000002,0,Regular / Mid-Value
16697,141,1,112.75,27,20,112.75,1,At-Risk / Low-Value
16698,126,2,1998.0,840,4,999.0,0,Regular / Mid-Value
16700,21,10,4095.95,3240,142,409.59499999999997,3,High-Value / Loyal
16701,29,10,4050.42,4958,80,405.04200000000003,3,High-Value / Loyal
16705,44,9,8194.43,3489,81,910.4922222222223,3,High-Value / Loyal
16706,14,1,291.53,165,70,291.53,2,Recent / Potential
16709,99,4,1984.5900000000001,521,42,496.14750000000004,0,Regular / Mid-Value
16710,38,7,1843.89,1395,215,263.41285714285715,3,High-Value / Loyal
16711,40,3,909.87,253,9,303.29,0,Regular / Mid-Value
16712,8,7,2017.06,1004,147,288.15142857142854,3,High-Value / Loyal
16713,15,11,3970.77,2144,237,360.9790909090909,3,High-Value / Loyal
16714,118,3,1161.53,610,77,387.1766666666667,0,Regular / Mid-Value
16716,166,2,901.2,120,1,450.6,0,Regular / Mid-Value
16717,62,3,1136.16,516,61,378.72,0,Regular / Mid-Value
16718,269,1,623.75,413,41,623.75,1,At-Risk / Low-Value
16719,48,5,1286.43,738,85,257.286,0,Regular / Mid-Value
16721,162,1,292.47,172,37,292.47,1,At-Risk / Low-Value
16722,6,9,3234.5,3302,79,359.3888888888889,3,High-Value / Loyal
16723,7,1,424.15,398,36,424.15,2,Recent / Potential
16725,202,7,781.02,294,110,111.57428571428571,0,Regular / Mid-Value
16726,96,4,795.19,541,71,198.7975,0,Regular / Mid-Value
16727,264,1,272.82,177,41,272.82,1,At-Risk / Low-Value
16728,66,3,550.0,321,113,183.33333333333334,0,Regular / Mid-Value
16729,14,16,5016.45,3737,135,313.528125,3,High-Value / Loyal
16730,134,2,480.94,750,35,240.47,1,At-Risk / Low-Value
16734,14,2,306.15999999999997,109,27,153.07999999999998,2,Recent / Potential
16735,139,2,1097.92,689,47,548.96,0,Regular / Mid-Value
16738,197,1,3.75,3,1,3.75,1,At-Risk / Low-Value
16739,76,1,323.0,172,13,323.0,1,At-Risk / Low-Value
16743,13,6,1885.8600000000001,1678,82,314.31,3,High-Value / Loyal
16744,45,2,241.69,146,47,120.845,1,At-Risk / Low-Value
16745,19,15,5910.93,5218,136,394.062,3,High-Value / Loyal
16746,0,12,4421.08,2580,174,368.42333333333335,3,High-Value / Loyal
16748,117,3,910.2,492,27,303.40000000000003,0,Regular / Mid-Value
16750,21,3,416.12,138,44,138.70666666666668,2,Recent / Potential
16752,272,1,207.5,54,9,207.5,1,At-Risk / Low-Value
16754,272,1,2002.4,4280,2,2002.4,0,Regular / Mid-Value
16755,14,3,1496.83,1064,133,498.9433333333333,2,Recent / Potential
16756,114,1,239.4,106,13,239.4,1,At-Risk / Low-Value
16757,218,1,106.83000000000001,81,7,106.83000000000001,1,At-Risk / Low-Value
16762,44,1,314.15000000000003,143,13,314.15000000000003,1,At-Risk / Low-Value
16763,98,1,611.85,319,23,611.85,1,At-Risk / Low-Value
16764,26,3,522.0600000000001,252,102,174.02,2,Recent / Potential
16765,194,1,34.0,4,1,34.0,1,At-Risk / Low-Value
16766,173,2,1145.6,536,17,572.8,0,Regular / Mid-Value
16767,13,6,4234.36,3445,126,705.7266666666666,3,High-Value / Loyal
16768,3,2,286.49,88,40,143.245,2,Recent / Potential
16769,160,1,380.39,83,33,380.39,1,At-Risk / Low-Value
16770,136,4,656.48,371,82,164.12,0,Regular / Mid-Value
16771,175,3,1655.95,1052,154,551.9833333333333,0,Regular / Mid-Value
16774,16,3,542.2,226,20,180.73333333333335,2,Recent / Potential
16775,22,8,1174.55,283,65,146.81875,3,High-Value / Loyal
16777,157,1,177.25,50,35,177.25,1,At-Risk / Low-Value
16778,174,1,93.18,66,5,93.18,1,At-Risk / Low-Value
16779,6,15,6394.7300000000005,3614,130,426.31533333333334,3,High-Value / Loyal
16780,0,2,425.19,271,51,212.595,2,Recent / Potential
16781,272,1,311.25,113,17,311.25,1,At-Risk / Low-Value
16782,38,9,1642.3500000000001,508,89,182.48333333333335,3,High-Value / Loyal
16788,23,2,597.48,311,138,298.74,2,Recent / Potential
16791,22,5,800.27,339,111,160.054,0,Regular / Mid-Value
16792,182,2,110.38000000000001,44,11,55.190000000000005,1,At-Risk / Low-Value
16794,8,4,628.5,626,100,157.125,2,Recent / Potential
16795,265,1,414.88,239,64,414.88,1,At-Risk / Low-Value
16801,63,4,1619.73,499,72,404.9325,0,Regular / Mid-Value
16804,170,1,118.05,34,19,118.05,1,At-Risk / Low-Value
16805,73,2,460.59,539,94,230.295,0,Regular / Mid-Value
16806,3,4,801.49,378,68,200.3725,2,Recent / Potential
16807,42,3,1121.59,778,57,373.8633333333333,0,Regular / Mid-Value
16808,174,1,166.5,116,19,166.5,1,At-Risk / Low-Value
16809,36,3,470.69,371,61,156.89666666666668,0,Regular / Mid-Value
16810,92,1,309.54,114,15,309.54,1,At-Risk / Low-Value
16812,260,1,479.35,81,15,479.35,1,At-Risk / Low-Value
16813,13,6,1062.18,1113,187,177.03,3,High-Value / Loyal
16814,8,16,5206.69,2189,110,325.418125,3,High-Value / Loyal
16816,3,4,417.06,274,28,104.265,2,Recent / Potential
16817,85,7,1179.43,574,52,168.49,0,Regular / Mid-Value
16818,6,8,2102.4,1246,110,262.8,3,High-Value / Loyal
16823,127,1,358.38,136,34,358.38,1,At-Risk / Low-Value
16824,64,1,222.9,134,13,222.9,1,At-Risk / Low-Value
16825,85,1,318.7,358,11,318.7,1,At-Risk / Low-Value
16828,12,1,113.5,58,7,113.5,2,Recent / Potential
16829,56,1,197.22,99,11,197.22,1,At-Risk / Low-Value
16832,84,3,199.15,33,11,66.38333333333334,1,At-Risk / Low-Value
16833,159,3,671.29,306,32,223.76333333333332,0,Regular / Mid-Value
16834,127,1,413.46,358,24,413.46,1,At-Risk / Low-Value
16835,28,2,180.85,61,10,90.425,2,Recent / Potential
16836,16,1,91.32000000000001,84,2,91.32000000000001,2,Recent / Potential
16837,57,9,1911.74,727,77,212.41555555555556,3,High-Value / Loyal
16838,97,2,588.85,185,24,294.425,0,Regular / Mid-Value
16839,9,22,10869.28,5724,97,494.0581818181818,3,High-Value / Loyal
16841,37,5,1561.06,1878,89,312.212,0,Regular / Mid-Value
16842,0,3,1264.19,693,45,421.3966666666667,2,Recent / Potential
16843,34,11,7371.6,6730,170,670.1454545454545,3,High-Value / Loyal
16849,86,1,124.57,33,8,124.57,1,At-Risk / Low-Value
16850,233,1,332.41,249,19,332.41,1,At-Risk / Low-Value
16852,76,1,113.06,51,7,113.06,1,At-Risk / Low-Value
16858,268,1,375.69000000000005,91,9,375.69000000000005,1,At-Risk / Low-Value
16859,44,2,747.81,827,50,373.905,0,Regular / Mid-Value
16861,58,1,70.80000000000001,24,2,70.80000000000001,1,At-Risk / Low-Value
16863,266,1,164.25,105,9,164.25,1,At-Risk / Low-Value
16866,40,3,207.73999999999998,60,10,69.24666666666666,2,Recent / Potential
16869,65,2,387.68,242,56,193.84,1,At-Risk / Low-Value
16871,110,4,2037.82,861,104,509.455,0,Regular / Mid-Value
16872,5,2,464.68000000000006,454,3,232.34000000000003,2,Recent / Potential
16873,27,4,3871.4700000000003,2055,97,967.8675000000001,3,High-Value / Loyal
16875,44,4,1138.2,488,53,284.55,0,Regular / Mid-Value
16877,52,2,188.98,104,46,94.49,1,At-Risk / Low-Value
16880,26,5,856.91,480,82,171.382,0,Regular / Mid-Value
16882,139,2,215.70000000000002,102,15,107.85000000000001,1,At-Risk / Low-Value
16883,87,2,276.73,104,33,138.365,1,At-Risk / Low-Value
16885,257,1,190.65,37,27,190.65,1,At-Risk / Low-Value
16889,94,3,1578.67,925,112,526.2233333333334,0,Regular / Mid-Value
16891,41,2,437.92,158,93,218.96,0,Regular / Mid-Value
16892,83,1,102.97999999999999,77,20,102.97999999999999,1,At-Risk / Low-Value
16893,266,1,145.93,62,44,145.93,1,At-Risk / Low-Value
16897,199,2,289.78,73,37,144.89,1,At-Risk / Low-Value
16898,77,2,319.46999999999997,250,99,159.73499999999999,1,At-Risk / Low-Value
16899,49,3,510.18,225,58,170.06,0,Regular / Mid-Value
16902,16,1,1706.88,629,43,1706.88,2,Recent / Potential
16904,8,13,3034.07,1651,334,233.39000000000001,3,High-Value / Loyal
16905,136,3,853.93,267,44,284.6433333333333,0,Regular / Mid-Value
16906,86,3,394.94,184,33,131.64666666666668,0,Regular / Mid-Value
16907,48,4,711.88,229,74,177.97,0,Regular / Mid-Value
16912,34,7,1558.38,589,50,222.6257142857143,3,High-Value / Loyal
16913,190,1,113.44,82,8,113.44,1,At-Risk / Low-Value
16915,27,4,382.39000000000004,59,29,95.59750000000001,2,Recent / Potential
16916,272,1,198.08,103,48,198.08,1,At-Risk / Low-Value
16917,176,1,391.52,232,9,391.52,1,At-Risk / Low-Value
16918,59,2,523.03,331,49,261.515,0,Regular / Mid-Value
16919,56,11,2596.45,1413,141,236.04090909090908,3,High-Value / Loyal
16923,52,13,4398.54,2003,202,338.34923076923076,3,High-Value / Loyal
16926,271,1,230.25,35,14,230.25,1,At-Risk / Low-Value
16927,15,3,543.05,993,5,181.01666666666665,2,Recent / Potential
16928,1,14,2204.25,1631,66,157.44642857142858,3,High-Value / Loyal
16929,27,2,428.88,326,23,214.44,2,Recent / Potential
16931,3,14,2918.8,1978,345,208.4857142857143,3,High-Value / Loyal
16933,139,1,224.73,127,19,224.73,1,At-Risk / Low-Value
16938,79,3,2410.75,2325,205,803.5833333333334,0,Regular / Mid-Value
16940,69,2,1868.36,1236,162,934.18,0,Regular / Mid-Value
16942,36,7,1449.14,597,115,207.02,3,High-Value / Loyal
16943,111,3,816.73,145,23,272.24333333333334,0,Regular / Mid-Value
16945,13,12,2705.21,1787,95,225.43416666666667,3,High-Value / Loyal
16947,135,1,406.48,312,21,406.48,1,At-Risk / Low-Value
16948,38,3,435.02,1614,15,145.00666666666666,0,Regular / Mid-Value
16949,85,4,893.75,386,32,223.4375,0,Regular / Mid-Value
16950,24,2,778.41,337,26,389.205,2,Recent / Potential
16951,34,3,1277.75,1318,73,425.9166666666667,0,Regular / Mid-Value
16952,9,2,167.61,92,16,83.805,2,Recent / Potential
16954,24,4,1245.3799999999999,744,34,311.34499999999997,0,Regular / Mid-Value
16955,84,4,518.67,266,18,129.6675,0,Regular / Mid-Value
16957,139,2,416.64,172,15,208.32,1,At-Risk / Low-Value
16960,152,1,201.53,95,45,201.53,1,At-Risk / Low-Value
16961,16,1,234.17,125,14,234.17,2,Recent / Potential
16963,87,1,110.55000000000001,35,7,110.55000000000001,1,At-Risk / Low-Value
16965,126,1,201.19,291,26,201.19,1,At-Risk / Low-Value
16966,70,4,1486.56,1320,8,371.64,0,Regular / Mid-Value
16967,89,1,319.02,333,21,319.02,1,At-Risk / Low-Value
16968,7,1,253.31,98,15,253.31,2,Recent / Potential
16969,34,2,478.96000000000004,740,32,239.48000000000002,2,Recent / Potential
16976,167,1,251.51999999999998,88,2,251.51999999999998,1,At-Risk / Low-Value
16979,47,2,555.65,135,19,277.825,0,Regular / Mid-Value
16980,155,2,1078.96,788,71,539.48,0,Regular / Mid-Value
16983,80,4,885.22,534,54,221.305,0,Regular / Mid-Value
16984,30,1,3226.13,1632,262,3226.13,0,Regular / Mid-Value
16985,57,7,3578.54,1287,50,511.21999999999997,3,High-Value / Loyal
16987,70,3,629.45,103,29,209.8166666666667,0,Regular / Mid-Value
16989,50,1,857.7,1066,7,857.7,0,Regular / Mid-Value
16990,118,1,179.0,100,1,179.0,1,At-Risk / Low-Value
16992,99,2,671.15,356,41,335.575,0,Regular / Mid-Value
16996,21,5,1041.78,390,11,208.356,0,Regular / Mid-Value
16997,188,3,702.0,360,7,234.0,0,Regular / Mid-Value
16998,49,4,295.0,76,1,73.75,0,Regular / Mid-Value
17001,13,7,2471.09,1342,59,353.0128571428572,3,High-Value / Loyal
17002,115,2,993.52,422,24,496.76,0,Regular / Mid-Value
17007,55,5,575.44,346,33,115.08800000000001,0,Regular / Mid-Value
17015,85,1,524.5,549,116,524.5,1,At-Risk / Low-Value
17017,62,14,5431.28,4311,81,387.9485714285714,3,High-Value / Loyal
17018,225,1,405.0,60,6,405.0,1,At-Risk / Low-Value
17019,161,3,995.93,658,114,331.97666666666663,0,Regular / Mid-Value
17024,57,1,31.25,25,1,31.25,1,At-Risk / Low-Value
17025,273,2,160.97,139,5,80.485,1,At-Risk / Low-Value
17026,85,2,154.82999999999998,97,4,77.41499999999999,1,At-Risk / Low-Value
17027,79,4,655.88,288,95,163.97,0,Regular / Mid-Value
17029,10,2,716.0,400,1,358.0,2,Recent / Potential
17031,54,1,225.95,125,13,225.95,1,At-Risk / Low-Value
17033,114,2,608.1,190,12,304.05,0,Regular / Mid-Value
17034,187,1,141.79999999999998,98,6,141.79999999999998,1,At-Risk / Low-Value
17035,145,2,433.53000000000003,229,27,216.76500000000001,1,At-Risk / Low-Value
17040,37,1,449.73,181,15,449.73,2,Recent / Potential
17041,8,2,750.89,539,45,375.445,2,Recent / Potential
17042,21,4,922.8199999999999,892,69,230.70499999999998,2,Recent / Potential
17043,78,2,324.96999999999997,357,27,162.48499999999999,1,At-Risk / Low-Value
17045,13,3,339.44,106,20,113.14666666666666,2,Recent / Potential
17046,57,1,642.02,510,22,642.02,1,At-Risk / Low-Value
17047,105,2,749.4300000000001,352,40,374.71500000000003,0,Regular / Mid-Value
17048,17,3,925.35,485,41,308.45,2,Recent / Potential
17049,17,5,2606.65,1083,105,521.33,3,High-Value / Loyal
17050,87,5,2660.59,1353,164,532.118,0,Regular / Mid-Value
17051,94,1,247.14000000000001,184,40,247.14000000000001,1,At-Risk / Low-Value
17053,30,1,498.48,122,13,498.48,2,Recent / Potential
17054,37,4,1207.32,739,58,301.83,0,Regular / Mid-Value
17058,99,2,819.66,455,42,409.83,0,Regular / Mid-Value
17059,10,4,2250.1,1283,232,562.525,3,High-Value / Loyal
17060,166,1,234.24,216,5,234.24,1,At-Risk / Low-Value
17061,10,10,4658.83,1408,48,465.883,3,High-Value / Loyal
17062,213,4,538.37,430,52,134.5925,0,Regular / Mid-Value
17063,63,4,671.87,309,35,167.9675,0,Regular / Mid-Value
17064,82,2,461.3,189,36,230.65,0,Regular / Mid-Value
17068,10,15,3281.4900000000002,1508,89,218.76600000000002,3,High-Value / Loyal
17069,55,5,1495.79,712,68,299.158,0,Regular / Mid-Value
17070,14,1,312.14,133,62,312.14,2,Recent / Potential
17071,34,6,1402.42,622,65,233.73666666666668,0,Regular / Mid-Value
17073,9,1,453.79,307,56,453.79,2,Recent / Potential
17075,153,3,696.07,241,49,232.02333333333334,0,Regular / Mid-Value
17076,173,2,334.2,112,11,167.1,1,At-Risk / Low-Value
17080,169,1,76.32000000000001,72,1,76.32000000000001,1,At-Risk / Low-Value
17082,218,1,636.94,316,24,636.94,1,At-Risk / Low-Value
17083,9,3,1405.78,772,24,468.5933333333333,2,Recent / Potential
17085,23,5,1566.65,786,115,313.33000000000004,0,Regular / Mid-Value
17088,82,2,1399.1100000000001,525,72,699.5550000000001,0,Regular / Mid-Value
17090,127,3,649.05,313,13,216.35,0,Regular / Mid-Value
17091,85,5,1994.41,1013,94,398.882,0,Regular / Mid-Value
17092,26,2,633.07,391,42,316.535,2,Recent / Potential
17094,222,1,302.0,152,14,302.0,1,At-Risk / Low-Value
17095,199,2,543.96,234,33,271.98,1,At-Risk / Low-Value
17096,43,2,443.94,178,22,221.97,0,Regular / Mid-Value
17097,0,6,639.53,250,103,106.58833333333332,2,Recent / Potential
17101,78,1,230.57999999999998,158,17,230.57999999999998,1,At-Risk / Low-Value
17102,161,1,25.5,2,1,25.5,1,At-Risk / Low-Value
17105,59,2,665.78,693,80,332.89,0,Regular / Mid-Value
17107,55,3,6334.06,2432,179,2111.3533333333335,0,Regular / Mid-Value
17109,132,2,464.59000000000003,248,52,232.29500000000002,1,At-Risk / Low-Value
17110,65,1,163.29999999999998,50,12,163.29999999999998,1,At-Risk / Low-Value
17114,38,6,603.59,157,66,100.59833333333334,0,Regular / Mid-Value
17115,82,2,612.82,260,28,306.41,0,Regular / Mid-Value
17117,188,1,116.19999999999999,68,9,116.19999999999999,1,At-Risk / Low-Value
17118,217,1,157.02,154,10,157.02,1,At-Risk / Low-Value
17120,133,1,307.46,120,18,307.46,1,At-Risk / Low-Value
17122,19,1,138.32,80,7,138.32,2,Recent / Potential
17123,61,1,345.29999999999995,246,9,345.29999999999995,1,At-Risk / Low-Value
17124,85,1,298.89,130,31,298.89,1,At-Risk / Low-Value
17126,52,5,1004.75,792,187,200.95,0,Regular / Mid-Value
17128,234,1,157.09,76,14,157.09,1,At-Risk / Low-Value
17133,90,3,2478.79,1125,9,826.2633333333333,0,Regular / Mid-Value
17134,6,2,425.0,102,21,212.5,2,Recent / Potential
17135,189,2,500.55,420,19,250.275,1,At-Risk / Low-Value
17138,175,1,380.5,126,24,380.5,1,At-Risk / Low-Value
17139,22,7,6851.82,3200,208,978.8314285714285,3,High-Value / Loyal
17140,147,1,465.32,302,16,465.32,1,At-Risk / Low-Value
17142,139,1,579.0,81,15,579.0,1,At-Risk / Low-Value
17146,5,3,749.78,212,33,249.92666666666665,2,Recent / Potential
17147,106,2,973.11,517,42,486.555,0,Regular / Mid-Value
17152,94,3,1689.5,517,9,563.1666666666666,0,Regular / Mid-Value
17155,77,1,143.3,154,9,143.3,1,At-Risk / Low-Value
17157,76,1,161.46,102,8,161.46,1,At-Risk / Low-Value
17158,132,2,698.55,461,36,349.275,0,Regular / Mid-Value
17159,71,1,528.45,305,30,528.45,1,At-Risk / Low-Value
17160,9,5,3001.18,2417,85,600.236,3,High-Value / Loyal
17162,31,9,1463.66,865,75,162.6288888888889,3,High-Value / Loyal
17164,51,3,1270.42,802,53,423.47333333333336,0,Regular / Mid-Value
17165,184,1,158.68,100,10,158.68,1,At-Risk / Low-Value
17166,103,1,127.59,57,10,127.59,1,At-Risk / Low-Value
17169,83,1,308.68,102,18,308.68,1,At-Risk / Low-Value
17171,189,1,224.91,185,16,224.91,1,At-Risk / Low-Value
17173,16,2,961.26,238,13,480.63,2,Recent / Potential
17174,117,1,59.9,41,4,59.9,1,At-Risk / Low-Value
17175,41,3,1132.6299999999999,644,42,377.5433333333333,0,Regular / Mid-Value
17176,101,1,306.13,170,15,306.13,1,At-Risk / Low-Value
17179,78,3,711.79,290,56,237.26333333333332,0,Regular / Mid-Value
17180,141,3,564.86,529,77,188.28666666666666,0,Regular / Mid-Value
17181,273,1,155.52,216,2,155.52,1,At-Risk / Low-Value
17183,5,1,329.67,141,9,329.67,2,Recent / Potential
17187,126,1,203.95,144,10,203.95,1,At-Risk / Low-Value
17188,64,5,1815.09,971,51,363.018,0,Regular / Mid-Value
17189,6,2,384.40000000000003,227,52,192.20000000000002,2,Recent / Potential
17190,107,1,195.0,1,1,195.0,1,At-Risk / Low-Value
17191,91,5,1175.7,639,111,235.14000000000001,0,Regular / Mid-Value
17193,76,2,448.56000000000006,144,4,224.28000000000003,0,Regular / Mid-Value
17194,173,2,262.62,119,26,131.31,1,At-Risk / Low-Value
17198,265,2,521.66,242,73,260.83,1,At-Risk / Low-Value
17204,75,4,1564.56,646,44,391.14,0,Regular / Mid-Value
17211,80,6,1464.89,793,106,244.14833333333334,0,Regular / Mid-Value
17212,153,1,226.85,147,4,226.85,1,At-Risk / Low-Value
17213,41,5,1780.01,758,67,356.002,0,Regular / Mid-Value
17214,149,4,613.67,179,56,153.4175,0,Regular / Mid-Value
17217,134,1,113.5,24,9,113.5,1,At-Risk / Low-Value
17218,114,5,948.58,396,85,189.716,0,Regular / Mid-Value
17220,26,8,2172.4,1203,226,271.55,3,High-Value / Loyal
17223,210,2,426.79,112,43,213.395,1,At-Risk / Low-Value
17226,208,1,393.49,406,21,393.49,1,At-Risk / Low-Value
17227,72,3,473.75,296,17,157.91666666666666,0,Regular / Mid-Value
17228,107,4,687.58,611,69,171.895,0,Regular / Mid-Value
17229,42,1,157.71,108,32,157.71,1,At-Risk / Low-Value
17230,164,8,3638.41,1651,51,454.80125,0,Regular / Mid-Value
17231,26,7,1938.72,1047,209,276.96,3,High-Value / Loyal
17234,82,1,149.89000000000001,55,14,149.89000000000001,1,At-Risk / Low-Value
17235,272,1,341.9,126,10,341.9,1,At-Risk / Low-Value
17236,79,5,697.73,400,62,139.546,0,Regular / Mid-Value
17238,36,11,1959.92,909,212,178.17454545454547,3,High-Value / Loyal
17239,212,1,382.5,150,15,382.5,1,At-Risk / Low-Value
17242,8,2,1135.04,611,30,567.52,2,Recent / Potential
17243,13,15,4012.67,1412,118,267.5113333333333,3,High-Value / Loyal
17245,104,1,171.45,75,9,171.45,1,At-Risk / Low-Value
17248,20,1,318.65,213,68,318.65,2,Recent / Potential
17250,161,1,162.65,70,23,162.65,1,At-Risk / Low-Value
17251,262,1,283.28000000000003,110,37,283.28000000000003,1,At-Risk / Low-Value
17252,16,2,353.86,193,86,176.93,2,Recent / Potential
17255,199,1,112.46,75,36,112.46,1,At-Risk / Low-Value
17256,7,2,240.0,141,12,120.0,2,Recent / Potential
17259,48,2,603.37,410,104,301.685,0,Regular / Mid-Value
17262,127,4,955.3600000000001,327,7,238.84000000000003,0,Regular / Mid-Value
17263,108,1,63.440000000000005,36,23,63.440000000000005,1,At-Risk / Low-Value
17265,38,2,562.9,394,106,281.45,0,Regular / Mid-Value
17266,47,1,113.06,27,17,113.06,1,At-Risk / Low-Value
17267,27,2,317.62,159,37,158.81,2,Recent / Potential
17268,7,4,763.64,844,3,190.91,2,Recent / Potential
17272,99,2,1409.44,1161,59,704.72,0,Regular / Mid-Value
17277,127,2,1065.3500000000001,430,67,532.6750000000001,0,Regular / Mid-Value
17278,141,1,246.04,179,15,246.04,1,At-Risk / Low-Value
17282,30,3,1703.41,1877,79,567.8033333333334,0,Regular / Mid-Value
17284,20,5,1494.1399999999999,1240,219,298.828,3,High-Value / Loyal
17287,43,5,702.41,350,61,140.482,0,Regular / Mid-Value
17288,107,5,663.7,662,13,132.74,0,Regular / Mid-Value
17289,80,1,167.35999999999999,134,30,167.35999999999999,1,At-Risk / Low-Value
17291,208,1,550.8000000000001,72,1,550.8000000000001,1,At-Risk / Low-Value
17293,19,5,867.03,517,45,173.406,2,Recent / Potential
17298,1,2,498.42,387,30,249.21,2,Recent / Potential
17299,0,2,268.19,280,24,134.095,2,Recent / Potential
17302,22,3,661.61,345,48,220.53666666666666,2,Recent / Potential
17303,261,1,250.04,144,53,250.04,1,At-Risk / Low-Value
17306,28,14,6123.32,8412,9,437.38,3,High-Value / Loyal
17311,216,1,556.46,410,24,556.46,1,At-Risk / Low-Value
17312,38,3,644.3,372,11,214.76666666666665,0,Regular / Mid-Value
17314,48,5,1506.92,1018,57,301.384,0,Regular / Mid-Value
17315,0,30,4369.04,2999,233,145.63466666666667,3,High-Value / Loyal
17320,0,3,1200.6200000000001,634,57,400.2066666666667,2,Recent / Potential
17323,24,4,537.25,506,98,134.3125,2,Recent / Potential
17324,231,2,702.23,606,17,351.115,0,Regular / Mid-Value
17325,180,1,96.8,60,6,96.8,1,At-Risk / Low-Value
17329,215,1,243.36,67,16,243.36,1,At-Risk / Low-Value
17331,23,1,175.2,16,1,175.2,2,Recent / Potential
17334,202,2,307.02,315,11,153.51,1,At-Risk / Low-Value
17337,51,4,2027.8700000000001,1269,421,506.96750000000003,0,Regular / Mid-Value
17338,14,7,5207.02,2351,320,743.86,3,High-Value / Loyal
17339,265,1,60.0,16,4,60.0,1,At-Risk / Low-Value
17340,20,7,7593.65,4008,157,1084.8071428571427,3,High-Value / Loyal
17341,56,3,781.36,489,147,260.4533333333333,0,Regular / Mid-Value
17343,255,1,193.64,56,17,193.64,1,At-Risk / Low-Value
17345,96,2,128.33,62,19,64.165,1,At-Risk / Low-Value
17346,3,8,1266.21,960,170,158.27625,3,High-Value / Loyal
17348,197,1,160.15,199,36,160.15,1,At-Risk / Low-Value
17349,79,1,110.75,112,8,110.75,1,At-Risk / Low-Value
17351,69,2,427.3,92,17,213.65,0,Regular / Mid-Value
17353,29,2,1740.0,1200,5,870.0,0,Regular / Mid-Value
17356,211,1,178.22,166,19,178.22,1,At-Risk / Low-Value
17358,203,2,365.85,202,55,182.925,1,At-Risk / Low-Value
17360,84,1,330.95,167,53,330.95,1,At-Risk / Low-Value
17361,86,2,263.92,63,16,131.96,1,At-Risk / Low-Value
17362,139,2,312.23,191,30,156.115,1,At-Risk / Low-Value
17364,37,6,2633.81,1501,153,438.9683333333333,3,High-Value / Loyal
17365,69,5,2371.01,2562,172,474.20200000000006,0,Regular / Mid-Value
17367,138,1,168.4,150,33,168.4,1,At-Risk / Low-Value
17368,73,5,1614.87,1288,53,322.974,0,Regular / Mid-Value
17370,69,1,110.69999999999999,78,8,110.69999999999999,1,At-Risk / Low-Value
17371,261,1,97.63,40,7,97.63,1,At-Risk / Low-Value
17372,66,6,1061.13,594,177,176.85500000000002,0,Regular / Mid-Value
17373,34,2,287.3,200,26,143.65,2,Recent / Potential
17374,118,2,495.77,85,24,247.885,1,At-Risk / Low-Value
17375,99,3,400.1,367,63,133.36666666666667,0,Regular / Mid-Value
17376,211,1,105.85,35,13,105.85,1,At-Risk / Low-Value
17377,26,9,2045.38,1094,91,227.26444444444445,3,High-Value / Loyal
17381,19,23,16875.65,21483,40,733.7239130434783,3,High-Value / Loyal
17384,119,1,227.65,43,3,227.65,1,At-Risk / Low-Value
17386,13,3,1541.4,876,6,513.8000000000001,2,Recent / Potential
17388,31,3,953.0300000000001,779,12,317.6766666666667,0,Regular / Mid-Value
17389,21,24,8912.78,1888,37,371.36583333333334,3,High-Value / Loyal
17391,63,2,508.8,480,2,254.4,0,Regular / Mid-Value
17392,206,2,457.91,320,53,228.955,1,At-Risk / Low-Value
17394,119,1,203.86999999999998,241,4,203.86999999999998,1,At-Risk / Low-Value
17396,48,6,4801.8,1105,18,800.3000000000001,3,High-Value / Loyal
17398,14,3,653.38,310,30,217.79333333333332,2,Recent / Potential
17400,26,5,2129.96,1097,175,425.992,3,High-Value / Loyal
17402,1,8,1732.45,420,29,216.55625,3,High-Value / Loyal
17404,23,10,21004.3,21623,93,2100.43,3,High-Value / Loyal
17405,50,1,393.31,334,41,393.31,1,At-Risk / Low-Value
17406,233,3,2200.42,787,99,733.4733333333334,0,Regular / Mid-Value
17408,63,1,32.65,3,2,32.65,1,At-Risk / Low-Value
17409,84,2,771.85,105,13,385.925,0,Regular / Mid-Value
17410,115,1,302.4,100,15,302.4,1,At-Risk / Low-Value
17411,161,1,285.58,126,16,285.58,1,At-Risk / Low-Value
17412,96,4,709.82,358,30,177.455,0,Regular / Mid-Value
17414,84,1,598.0,1380,5,598.0,1,At-Risk / Low-Value
17416,9,5,5294.49,3283,153,1058.898,3,High-Value / Loyal
17418,223,1,167.39000000000001,139,12,167.39000000000001,1,At-Risk / Low-Value
17419,43,8,2660.0,1213,107,332.5,3,High-Value / Loyal
17420,71,2,391.51,169,19,195.755,1,At-Risk / Low-Value
17422,42,4,1296.18,1356,77,324.045,0,Regular / Mid-Value
17423,117,1,449.42,314,11,449.42,1,At-Risk / Low-Value
17426,75,3,3279.23,1841,137,1093.0766666666666,0,Regular / Mid-Value
17428,10,20,10661.09,6739,205,533.0545,3,High-Value / Loyal
17429,28,3,524.9200000000001,624,36,174.97333333333336,2,Recent / Potential
17430,265,1,112.6,60,5,112.6,1,At-Risk / Low-Value
17431,213,1,403.3,292,41,403.3,1,At-Risk / Low-Value
17436,126,1,122.39999999999999,48,4,122.39999999999999,1,At-Risk / Low-Value
17438,153,1,388.45000000000005,103,17,388.45000000000005,1,At-Risk / Low-Value
17440,56,3,186.42000000000002,246,3,62.14000000000001,1,At-Risk / Low-Value
17442,21,4,1590.45,1013,77,397.6125,0,Regular / Mid-Value
17443,119,1,534.24,504,1,534.24,1,At-Risk / Low-Value
17444,47,3,2940.04,2119,132,980.0133333333333,0,Regular / Mid-Value
17446,76,2,120.9,198,6,60.45,1,At-Risk / Low-Value
17449,134,3,1322.69,606,118,440.8966666666667,0,Regular / Mid-Value
17450,8,22,85770.34,31892,107,3898.651818181818,3,High-Value / Loyal
17451,5,1,346.01,267,23,346.01,2,Recent / Potential
17454,92,4,517.53,243,57,129.3825,0,Regular / Mid-Value
17455,103,1,131.7,66,8,131.7,1,At-Risk / Low-Value
17456,265,1,249.86,222,17,249.86,1,At-Risk / Low-Value
17457,26,5,1737.7,826,14,347.54,0,Regular / Mid-Value
17460,125,5,462.58000000000004,177,14,92.516,0,Regular / Mid-Value
17462,184,1,463.40999999999997,155,14,463.40999999999997,1,At-Risk / Low-Value
17463,76,3,1245.64,725,103,415.21333333333337,0,Regular / Mid-Value
17464,58,1,289.96000000000004,220,9,289.96000000000004,1,At-Risk / Low-Value
17469,8,3,1050.27,443,44,350.09,2,Recent / Potential
17470,27,4,816.47,1275,54,204.1175,0,Regular / Mid-Value
17472,91,3,710.29,462,142,236.76333333333332,0,Regular / Mid-Value
17483,34,2,274.74,98,13,137.37,2,Recent / Potential
17486,161,1,396.87,191,24,396.87,1,At-Risk / Low-Value
17489,112,1,208.56,232,16,208.56,1,At-Risk / Low-Value
17490,76,1,305.2,140,18,305.2,1,At-Risk / Low-Value
17491,33,5,1660.31,1034,50,332.062,0,Regular / Mid-Value
17492,148,1,374.57,155,12,374.57,1,At-Risk / Low-Value
17496,258,1,271.05,79,10,271.05,1,At-Risk / Low-Value
17499,189,1,622.88,711,40,622.88,1,At-Risk / Low-Value
17501,120,2,288.6,160,18,144.3,1,At-Risk / Low-Value
17504,106,9,2997.0299999999997,1664,112,333.00333333333333,0,Regular / Mid-Value
17505,61,2,1145.84,556,48,572.92,0,Regular / Mid-Value
17507,161,2,605.58,359,79,302.79,0,Regular / Mid-Value
17508,180,1,387.31,289,22,387.31,1,At-Risk / Low-Value
17511,14,20,56175.47,38091,339,2808.7735000000002,3,High-Value / Loyal
17512,21,8,1891.9,1834,40,236.4875,3,High-Value / Loyal
17514,28,1,208.65,135,40,208.65,2,Recent / Potential
17515,106,3,571.37,220,47,190.45666666666668,0,Regular / Mid-Value
17516,19,4,608.85,375,95,152.2125,2,Recent / Potential
17517,208,1,153.94,102,11,153.94,1,At-Risk / Low-Value
17519,33,5,1488.0,1042,50,297.6,0,Regular / Mid-Value
17521,99,1,159.56,116,8,159.56,1,At-Risk / Low-Value
17522,38,4,912.25,932,54,228.0625,0,Regular / Mid-Value
17524,261,1,145.0,90,6,145.0,1,At-Risk / Low-Value
17525,259,1,422.70000000000005,82,9,422.70000000000005,1,At-Risk / Low-Value
17526,190,3,872.8,140,9,290.93333333333334,0,Regular / Mid-Value
17527,9,2,606.62,206,25,303.31,2,Recent / Potential
17530,106,6,1367.86,796,216,227.97666666666666,0,Regular / Mid-Value
17531,90,1,296.7,136,14,296.7,1,At-Risk / Low-Value
17535,180,1,164.4,136,13,164.4,1,At-Risk / Low-Value
17536,77,1,76.5,6,3,76.5,1,At-Risk / Low-Value
17537,203,1,630.7,370,60,630.7,1,At-Risk / Low-Value
17540,216,1,268.8,64,8,268.8,1,At-Risk / Low-Value
17542,169,1,170.75,134,24,170.75,1,At-Risk / Low-Value
17548,133,1,103.3,58,5,103.3,1,At-Risk / Low-Value
17550,97,3,267.16,86,42,89.05333333333334,1,At-Risk / Low-Value
17551,259,1,306.84,150,39,306.84,1,At-Risk / Low-Value
17552,272,2,298.52,144,13,149.26,1,At-Risk / Low-Value
17553,29,1,1487.6,1048,2,1487.6,2,Recent / Potential
17554,22,2,1249.89,1409,51,624.945,2,Recent / Potential
17555,234,1,195.45,156,48,195.45,1,At-Risk / Low-Value
17556,105,1,157.9,101,6,157.9,1,At-Risk / Low-Value
17560,55,3,705.83,443,20,235.27666666666667,0,Regular / Mid-Value
17562,9,4,661.1,601,35,165.275,2,Recent / Potential
17567,49,5,2335.05,1373,77,467.01000000000005,0,Regular / Mid-Value
17569,232,1,344.14,159,29,344.14,1,At-Risk / Low-Value
17571,45,3,561.2,486,72,187.0666666666667,0,Regular / Mid-Value
17572,138,2,152.20000000000002,56,7,76.10000000000001,1,At-Risk / Low-Value
17574,142,1,185.65,77,8,185.65,1,At-Risk / Low-Value
17576,6,13,2181.4,1310,158,167.8,3,High-Value / Loyal
17578,118,1,143.45999999999998,138,5,143.45999999999998,1,At-Risk / Low-Value
17579,37,2,270.86,130,15,135.43,2,Recent / Potential
17580,152,3,215.72,88,43,71.90666666666667,1,At-Risk / Low-Value
17581,9,17,6522.29,3495,181,383.66411764705884,3,High-Value / Loyal
17582,136,1,175.27,123,28,175.27,1,At-Risk / Low-Value
17584,27,1,749.45,245,16,749.45,2,Recent / Potential
17585,9,4,1133.07,1671,176,283.2675,2,Recent / Potential
17588,0,3,1240.2,676,19,413.40000000000003,2,Recent / Potential
17589,51,3,1843.07,1307,124,614.3566666666667,0,Regular / Mid-Value
17591,22,6,1863.17,885,81,310.52833333333336,3,High-Value / Loyal
17593,44,3,2263.52,1479,119,754.5066666666667,0,Regular / Mid-Value
17594,154,1,315.0,220,14,315.0,1,At-Risk / Low-Value
17596,36,4,1738.73,2847,112,434.6825,0,Regular / Mid-Value
17597,113,1,2044.3700000000001,1176,55,2044.3700000000001,0,Regular / Mid-Value
17601,139,1,116.00999999999999,103,9,116.00999999999999,1,At-Risk / Low-Value
17602,24,2,909.5500000000001,901,108,454.77500000000003,2,Recent / Potential
17604,117,2,309.36,169,57,154.68,1,At-Risk / Low-Value
17609,202,2,537.6899999999999,271,103,268.84499999999997,1,At-Risk / Low-Value
17611,23,9,2724.25,1871,389,302.69444444444446,3,High-Value / Loyal
17612,12,4,1338.87,1034,79,334.7175,2,Recent / Potential
17613,17,9,2991.29,1673,173,332.36555555555555,3,High-Value / Loyal
17615,30,3,329.6,140,13,109.86666666666667,2,Recent / Potential
17616,73,3,571.1999999999999,224,1,190.39999999999998,0,Regular / Mid-Value
17618,148,2,666.78,247,48,333.39,0,Regular / Mid-Value
17619,212,1,218.52,127,71,218.52,1,At-Risk / Low-Value
17621,212,2,901.78,310,15,450.89,0,Regular / Mid-Value
17624,118,1,400.3,312,25,400.3,1,At-Risk / Low-Value
17625,40,2,1234.78,847,161,617.39,0,Regular / Mid-Value
17629,20,5,798.38,665,66,159.676,2,Recent / Potential
17630,69,2,503.59999999999997,158,24,251.79999999999998,0,Regular / Mid-Value
17631,37,2,416.5,185,29,208.25,2,Recent / Potential
17633,3,2,648.61,275,30,324.305,2,Recent / Potential
17634,22,6,1920.66,587,146,320.11,3,High-Value / Loyal
17637,15,1,338.95,215,24,338.95,2,Recent / Potential
17639,176,1,108.5,49,7,108.5,1,At-Risk / Low-Value
17642,19,2,712.29,474,34,356.145,2,Recent / Potential
17643,273,1,101.55,71,8,101.55,1,At-Risk / Low-Value
17644,20,7,1625.63,898,64,232.23285714285717,3,High-Value / Loyal
17646,119,3,1008.39,323,46,336.13,0,Regular / Mid-Value
17648,92,3,1107.39,289,62,369.13000000000005,0,Regular / Mid-Value
17649,38,1,868.49,399,52,868.49,0,Regular / Mid-Value
17651,55,4,1148.01,682,52,287.0025,0,Regular / Mid-Value
17652,44,6,2713.57,1469,101,452.2616666666667,3,High-Value / Loyal
17653,20,1,163.24,297,4,163.24,2,Recent / Potential
17654,177,1,117.55,41,22,117.55,1,At-Risk / Low-Value
17655,16,5,1903.3300000000002,833,54,380.66600000000005,3,High-Value / Loyal
17656,6,3,927.65,463,35,309.21666666666664,2,Recent / Potential
17658,111,1,317.59999999999997,216,9,317.59999999999997,1,At-Risk / Low-Value
17659,0,9,1653.03,821,68,183.67,3,High-Value / Loyal
17660,41,1,196.0,130,37,196.0,1,At-Risk / Low-Value
17663,54,4,1016.53,425,33,254.1325,0,Regular / Mid-Value
17664,112,1,326.19,409,23,326.19,1,At-Risk / Low-Value
17667,61,4,1751.01,903,81,437.7525,0,Regular / Mid-Value
17669,22,5,2433.22,1398,38,486.64399999999995,3,High-Value / Loyal
17670,127,1,205.7,110,11,205.7,1,At-Risk / Low-Value
17671,57,3,1098.55,524,38,366.18333333333334,0,Regular / Mid-Value
17672,209,1,1177.8400000000001,643,41,1177.8400000000001,1,At-Risk / Low-Value
17673,62,4,1209.77,1087,110,302.4425,0,Regular / Mid-Value
17674,268,1,300.66,349,11,300.66,1,At-Risk / Low-Value
17675,1,23,14074.19,5555,179,611.9213043478261,3,High-Value / Loyal
17676,9,4,730.84,468,31,182.71,2,Recent / Potential
17677,0,20,11684.35,7048,125,584.2175,3,High-Value / Loyal
17678,163,1,298.11,207,16,298.11,1,At-Risk / Low-Value
17682,15,5,1899.3500000000001,989,39,379.87,3,High-Value / Loyal
17685,166,5,1512.72,888,39,302.544,0,Regular / Mid-Value
17686,20,5,4589.35,1960,174,917.8700000000001,3,High-Value / Loyal
17690,1,11,3526.68,1254,144,320.6072727272727,3,High-Value / Loyal
17691,258,2,290.40000000000003,134,18,145.20000000000002,1,At-Risk / Low-Value
17692,27,4,740.9399999999999,672,34,185.23499999999999,0,Regular / Mid-Value
17693,37,1,200.47,231,16,200.47,1,At-Risk / Low-Value
17694,41,1,283.12,184,15,283.12,1,At-Risk / Low-Value
17695,31,2,765.34,779,30,382.67,2,Recent / Potential
17696,8,7,1915.5900000000001,1323,71,273.6557142857143,3,High-Value / Loyal
17697,136,1,338.95,93,19,338.95,1,At-Risk / Low-Value
17698,160,1,154.95,93,8,154.95,1,At-Risk / Low-Value
17700,113,2,1125.57,499,57,562.785,0,Regular / Mid-Value
17701,152,1,417.95,109,24,417.95,1,At-Risk / Low-Value
17702,8,3,1338.77,1051,46,446.25666666666666,2,Recent / Potential
17703,9,2,490.96,376,32,245.48,2,Recent / Potential
17704,68,2,885.19,343,27,442.595,0,Regular / Mid-Value
17705,6,6,968.0,551,42,161.33333333333334,3,High-Value / Loyal
17706,0,12,8027.5,3049,246,668.9583333333334,3,High-Value / Loyal
17707,85,2,152.4,144,3,76.2,1,At-Risk / Low-Value
17708,87,2,267.08,91,28,133.54,1,At-Risk / Low-Value
17709,69,1,137.45,17,7,137.45,1,At-Risk / Low-Value
17711,189,1,220.53000000000003,107,13,220.53000000000003,1,At-Risk / Low-Value
17714,220,1,153.0,92,10,153.0,1,At-Risk / Low-Value
17715,100,1,326.4,384,1,326.4,1,At-Risk / Low-Value
17716,23,4,3436.76,1939,125,859.19,3,High-Value / Loyal
17718,132,1,139.35,83,6,139.35,1,At-Risk / Low-Value
17719,6,12,4477.4,2118,100,373.1166666666666,3,High-Value / Loyal
17720,13,3,887.6,418,32,295.8666666666667,2,Recent / Potential
17722,89,3,2100.88,1423,93,700.2933333333334,0,Regular / Mid-Value
17723,27,6,3276.4000000000005,792,4,546.0666666666667,3,High-Value / Loyal
17724,38,1,373.1,78,11,373.1,1,At-Risk / Low-Value
17725,0,8,2507.12,1610,94,313.39,3,High-Value / Loyal
17730,6,8,3055.77,2152,86,381.97125,3,High-Value / Loyal
17731,28,3,963.74,350,38,321.24666666666667,0,Regular / Mid-Value
17732,272,1,303.97,93,18,303.97,1,At-Risk / Low-Value
17733,161,1,216.95000000000002,87,12,216.95000000000002,1,At-Risk / Low-Value
17734,36,2,540.21,343,31,270.105,0,Regular / Mid-Value
17735,8,15,10219.99,6363,267,681.3326666666667,3,High-Value / Loyal
17736,13,1,307.49,213,23,307.49,2,Recent / Potential
17738,48,3,1571.49,711,72,523.83,0,Regular / Mid-Value
17739,96,3,1070.77,411,16,356.92333333333335,0,Regular / Mid-Value
17742,13,2,355.11,89,13,177.555,2,Recent / Potential
17744,150,4,1288.96,1686,50,322.24,0,Regular / Mid-Value
17746,140,1,110.25,29,6,110.25,1,At-Risk / Low-Value
17747,12,1,71.4,12,1,71.4,2,Recent / Potential
17749,78,2,674.52,320,33,337.26,0,Regular / Mid-Value
17750,13,4,1079.72,2300,87,269.93,2,Recent / Potential
17752,259,1,80.64,192,1,80.64,1,At-Risk / Low-Value
17754,42,2,575.06,844,38,287.53,0,Regular / Mid-Value
17757,14,20,3320.4500000000003,1803,190,166.0225,3,High-Value / Loyal
17758,52,4,1436.2,907,172,359.05,0,Regular / Mid-Value
17759,69,2,167.15,77,18,83.575,1,At-Risk / Low-Value
17760,273,1,172.54,165,9,172.54,1,At-Risk / Low-Value
17763,163,1,15.0,12,1,15.0,1,At-Risk / Low-Value
17764,111,1,261.97,148,17,261.97,1,At-Risk / Low-Value
17765,58,3,371.88,144,51,123.96,0,Regular / Mid-Value
17768,66,1,411.33,125,22,411.33,1,At-Risk / Low-Value
17769,38,4,1828.73,1075,129,457.1825,0,Regular / Mid-Value
17770,98,5,1143.27,365,33,228.654,0,Regular / Mid-Value
17771,223,1,115.8,110,22,115.8,1,At-Risk / Low-Value
17774,45,3,989.87,431,105,329.95666666666665,0,Regular / Mid-Value
17775,154,1,56.4,72,3,56.4,1,At-Risk / Low-Value
17777,0,1,194.7,163,63,194.7,2,Recent / Potential
17779,43,1,323.09,248,34,323.09,1,At-Risk / Low-Value
17781,59,2,188.02,34,12,94.01,1,At-Risk / Low-Value
17783,147,1,112.41,53,30,112.41,1,At-Risk / Low-Value
17786,217,1,114.85,56,24,114.85,1,At-Risk / Low-Value
17787,52,4,1865.19,910,94,466.2975,0,Regular / Mid-Value
17788,29,1,16.7,3,3,16.7,1,At-Risk / Low-Value
17789,181,1,225.9,74,14,225.9,1,At-Risk / Low-Value
17790,20,12,1363.51,595,79,113.62583333333333,3,High-Value / Loyal
17795,79,2,350.39,341,43,175.195,1,At-Risk / Low-Value
17796,213,3,622.0,160,60,207.33333333333334,0,Regular / Mid-Value
17797,82,1,272.41,249,44,272.41,1,At-Risk / Low-Value
17799,63,8,2144.2599999999998,1098,222,268.03249999999997,3,High-Value / Loyal
17800,17,6,765.3,451,36,127.55,2,Recent / Potential
17802,80,2,632.4200000000001,407,66,316.21000000000004,0,Regular / Mid-Value
17809,29,8,2856.71,743,33,357.08875,3,High-Value / Loyal
17811,12,23,4681.26,2228,239,203.53304347826088,3,High-Value / Loyal
17812,268,1,217.54999999999998,144,27,217.54999999999998,1,At-Risk / Low-Value
17816,169,2,21.31,22,11,10.655,1,At-Risk / Low-Value
17817,177,2,269.7,26,12,134.85,1,At-Risk / Low-Value
17819,82,6,3468.47,991,36,578.0783333333333,0,Regular / Mid-Value
17827,142,4,1583.81,961,140,395.9525,0,Regular / Mid-Value
17828,9,3,1076.66,481,51,358.8866666666667,2,Recent / Potential
17829,198,1,889.24,496,30,889.24,1,At-Risk / Low-Value
17830,161,2,287.65000000000003,65,15,143.82500000000002,1,At-Risk / Low-Value
17837,48,3,376.51,102,23,125.50333333333333,0,Regular / Mid-Value
17838,192,3,1687.7,1040,64,562.5666666666667,0,Regular / Mid-Value
17841,3,78,22365.04,12110,1028,286.73128205128205,3,High-Value / Loyal
17843,203,1,205.48,113,36,205.48,1,At-Risk / Low-Value
17844,6,1,51.559999999999995,52,5,51.559999999999995,2,Recent / Potential
17848,28,8,821.5999999999999,390,41,102.69999999999999,3,High-Value / Loyal
17849,118,4,605.8000000000001,114,14,151.45000000000002,0,Regular / Mid-Value
17850,272,34,5391.21,1733,21,158.565,3,High-Value / Loyal
17854,85,2,311.26,84,15,155.63,1,At-Risk / Low-Value
17855,272,1,208.97,197,17,208.97,1,At-Risk / Low-Value
17856,133,3,1142.63,577,6,380.8766666666667,0,Regular / Mid-Value
17857,9,13,13692.92,7424,11,1053.3015384615385,3,High-Value / Loyal
17858,16,9,3656.25,2398,65,406.25,3,High-Value / Loyal
17859,204,1,148.21,127,23,148.21,1,At-Risk / Low-Value
17860,268,1,252.8,104,49,252.8,1,At-Risk / Low-Value
17861,36,5,1301.57,1053,114,260.31399999999996,0,Regular / Mid-Value
17862,223,1,330.9,100,11,330.9,1,At-Risk / Low-Value
17863,45,4,1785.28,1617,60,446.32,0,Regular / Mid-Value
17864,175,1,208.41,383,29,208.41,1,At-Risk / Low-Value
17865,7,12,7017.34,3533,145,584.7783333333333,3,High-Value / Loyal
17866,42,1,329.65,174,9,329.65,1,At-Risk / Low-Value
17867,43,4,957.48,374,8,239.37,0,Regular / Mid-Value
17869,7,5,428.18,111,37,85.636,2,Recent / Potential
17870,23,6,603.22,392,59,100.53666666666668,0,Regular / Mid-Value
17871,104,1,155.9,182,10,155.9,1,At-Risk / Low-Value
17873,84,4,1587.1200000000001,927,23,396.78000000000003,0,Regular / Mid-Value
17874,85,6,683.46,221,37,113.91000000000001,0,Regular / Mid-Value
17877,70,1,237.61,98,12,237.61,1,At-Risk / Low-Value
17879,73,1,178.51999999999998,45,6,178.51999999999998,1,At-Risk / Low-Value
17880,264,1,458.92,314,26,458.92,1,At-Risk / Low-Value
17881,204,1,133.35000000000002,32,8,133.35000000000002,1,At-Risk / Low-Value
17883,146,1,119.35,48,19,119.35,1,At-Risk / Low-Value
17884,211,3,602.84,555,86,200.9466666666667,0,Regular / Mid-Value
17886,110,2,396.26,225,44,198.13,1,At-Risk / Low-Value
17887,29,1,111.35,30,10,111.35,1,At-Risk / Low-Value
17888,61,4,307.05,545,32,76.7625,0,Regular / Mid-Value
17889,112,2,203.87,79,20,101.935,1,At-Risk / Low-Value
17890,222,2,602.09,416,88,301.045,1,At-Risk / Low-Value
17891,62,1,203.85999999999999,393,34,203.85999999999999,1,At-Risk / Low-Value
17892,55,1,142.1,69,26,142.1,1,At-Risk / Low-Value
17893,125,1,112.25,161,15,112.25,1,At-Risk / Low-Value
17894,185,6,867.85,321,95,144.64166666666668,0,Regular / Mid-Value
17897,72,3,566.6,229,100,188.86666666666667,0,Regular / Mid-Value
17898,107,1,99.84,124,20,99.84,1,At-Risk / Low-Value
17899,59,1,155.8,171,29,155.8,1,At-Risk / Low-Value
17900,90,2,112.19999999999999,73,4,56.099999999999994,1,At-Risk / Low-Value
17905,56,3,618.99,282,32,206.33,0,Regular / Mid-Value
17906,147,1,72.9,26,12,72.9,1,At-Risk / Low-Value
17908,273,1,243.28,173,51,243.28,1,At-Risk / Low-Value
17912,210,5,311.01,185,35,62.202,0,Regular / Mid-Value
17913,255,1,218.05,100,31,218.05,1,At-Risk / Low-Value
17917,156,2,230.46,131,57,115.23,1,At-Risk / Low-Value
17920,5,9,2406.82,1570,229,267.4244444444445,3,High-Value / Loyal
17921,48,3,601.76,293,82,200.58666666666667,0,Regular / Mid-Value
17923,182,1,207.50000000000003,50,1,207.50000000000003,1,At-Risk / Low-Value
17924,201,2,502.20000000000005,108,2,251.10000000000002,1,At-Risk / Low-Value
17925,272,1,244.08,72,1,244.08,1,At-Risk / Low-Value
17926,33,2,397.29,306,17,198.645,2,Recent / Potential
17928,146,1,78.25999999999999,46,17,78.25999999999999,1,At-Risk / Low-Value
17929,12,3,707.0,92,4,235.66666666666666,2,Recent / Potential
17930,62,2,694.14,521,19,347.07,0,Regular / Mid-Value
17931,34,2,408.36,249,63,204.18,2,Recent / Potential
17932,73,2,934.51,593,63,467.255,0,Regular / Mid-Value
17935,38,2,145.79,82,28,72.895,1,At-Risk / Low-Value
17937,14,5,3614.52,1416,19,722.904,3,High-Value / Loyal
17939,59,1,99.14,40,12,99.14,1,At-Risk / Low-Value
17940,8,9,3914.44,9155,6,434.9377777777778,3,High-Value / Loyal
17941,30,1,304.56,252,2,304.56,2,Recent / Potential
17946,133,2,149.57999999999998,75,18,74.78999999999999,1,At-Risk / Low-Value
17948,47,1,358.56000000000006,144,1,358.56000000000006,1,At-Risk / Low-Value
17949,0,29,45325.6,18902,23,1562.951724137931,3,High-Value / Loyal
17950,265,2,263.17,186,36,131.585,1,At-Risk / Low-Value
17951,258,2,409.50000000000006,220,9,204.75000000000003,1,At-Risk / Low-Value
17954,23,10,1890.21,1835,269,189.02100000000002,3,High-Value / Loyal
17955,98,4,557.3,273,14,139.325,0,Regular / Mid-Value
17956,149,1,12.75,1,1,12.75,1,At-Risk / Low-Value
17958,16,1,508.4599999999999,84,7,508.4599999999999,2,Recent / Potential
17960,71,1,73.78,41,26,73.78,1,At-Risk / Low-Value
17961,23,31,1179.62,469,195,38.052258064516124,3,High-Value / Loyal
17962,42,1,102.83,128,33,102.83,1,At-Risk / Low-Value
17964,272,1,261.76,195,35,261.76,1,At-Risk / Low-Value
17965,34,10,1893.98,1134,192,189.398,3,High-Value / Loyal
17966,51,4,594.43,1171,52,148.6075,0,Regular / Mid-Value
17967,271,1,123.07,80,41,123.07,1,At-Risk / Low-Value
17968,273,1,277.35,160,74,277.35,1,At-Risk / Low-Value
17969,66,2,228.2,152,14,114.1,1,At-Risk / Low-Value
17970,111,1,582.59,525,27,582.59,1,At-Risk / Low-Value
17972,141,1,136.04,37,30,136.04,1,At-Risk / Low-Value
17974,119,1,172.77,87,18,172.77,1,At-Risk / Low-Value
17975,14,11,3956.0,1367,170,359.6363636363636,3,High-Value / Loyal
17976,272,1,353.19,106,56,353.19,1,At-Risk / Low-Value
17978,265,1,300.91999999999996,499,12,300.91999999999996,1,At-Risk / Low-Value
17979,68,3,504.54,276,84,168.18,0,Regular / Mid-Value
17980,65,3,811.45,682,23,270.48333333333335,0,Regular / Mid-Value
17984,45,1,152.68,98,48,152.68,1,At-Risk / Low-Value
17987,85,1,198.57,261,13,198.57,1,At-Risk / Low-Value
17988,17,5,146.0,27,25,29.2,2,Recent / Potential
17990,136,3,630.84,414,27,210.28,0,Regular / Mid-Value
17991,125,2,93.35,25,4,46.675,1,At-Risk / Low-Value
17994,21,4,678.49,497,63,169.6225,2,Recent / Potential
17995,181,1,76.1,133,2,76.1,1,At-Risk / Low-Value
17997,33,4,1276.72,1501,70,319.18,0,Regular / Mid-Value
17999,266,1,190.34,94,37,190.34,1,At-Risk / Low-Value
18004,262,1,169.47,78,32,169.47,1,At-Risk / Low-Value
18008,103,7,2065.41,1517,22,295.0585714285714,0,Regular / Mid-Value
18009,135,1,257.34,126,31,257.34,1,At-Risk / Low-Value
18010,156,1,174.8,60,14,174.8,1,At-Risk / Low-Value
18011,273,1,102.78999999999999,71,28,102.78999999999999,1,At-Risk / Low-Value
18013,55,2,187.29,285,31,93.645,1,At-Risk / Low-Value
18016,86,3,488.76,207,49,162.92,0,Regular / Mid-Value
18017,69,2,344.0,200,1,172.0,1,At-Risk / Low-Value
18018,8,2,122.14,55,29,61.07,2,Recent / Potential
18024,52,2,389.78,184,21,194.89,0,Regular / Mid-Value
18032,234,1,73.5,42,5,73.5,1,At-Risk / Low-Value
18036,5,2,254.54,154,54,127.27,2,Recent / Potential
18037,54,6,70.02,20,19,11.67,1,At-Risk / Low-Value
18040,145,1,239.0,96,12,239.0,1,At-Risk / Low-Value
18041,3,16,3084.13,2777,227,192.758125,3,High-Value / Loyal
18043,106,2,451.81,246,87,225.905,1,At-Risk / Low-Value
18044,66,7,1105.53,651,63,157.93285714285713,0,Regular / Mid-Value
18048,103,2,172.29000000000002,127,6,86.14500000000001,1,At-Risk / Low-Value
18050,259,1,74.4,40,5,74.4,1,At-Risk / Low-Value
18055,28,7,3672.86,1226,122,524.6942857142857,3,High-Value / Loyal
18056,188,1,363.65,211,19,363.65,1,At-Risk / Low-Value
18061,7,8,1793.51,901,18,224.18875,3,High-Value / Loyal
18062,73,3,720.52,396,23,240.17333333333332,0,Regular / Mid-Value
18064,33,2,814.0,384,7,407.0,0,Regular / Mid-Value
18065,83,8,1412.15,591,71,176.51875,0,Regular / Mid-Value
18068,189,1,101.69999999999999,6,1,101.69999999999999,1,At-Risk / Low-Value
18069,80,3,993.87,634,199,331.29,0,Regular / Mid-Value
18071,157,2,453.0,260,23,226.5,1,At-Risk / Low-Value
18072,85,1,247.44,288,18,247.44,1,At-Risk / Low-Value
18073,14,12,3877.5200000000004,3108,23,323.1266666666667,3,High-Value / Loyal
18074,273,1,489.6,190,13,489.6,1,At-Risk / Low-Value
18075,6,8,1957.75,1015,74,244.71875,3,High-Value / Loyal
18077,3,7,1670.94,1311,82,238.7057142857143,3,High-Value / Loyal
18078,117,2,336.13,145,27,168.065,1,At-Risk / Low-Value
18079,26,2,2206.18,5075,59,1103.09,0,Regular / Mid-Value
18080,142,1,841.4999999999999,330,1,841.4999999999999,1,At-Risk / Low-Value
18081,12,2,208.05,55,7,104.025,2,Recent / Potential
18085,230,2,689.95,265,25,344.975,0,Regular / Mid-Value
18086,174,1,101.34,106,7,101.34,1,At-Risk / Low-Value
18087,190,1,3202.9199999999996,3906,1,3202.9199999999996,0,Regular / Mid-Value
18092,19,8,5851.48,3280,21,731.435,3,High-Value / Loyal
18093,20,3,2016.88,1212,30,672.2933333333334,0,Regular / Mid-Value
18094,36,5,2402.3,2194,35,480.46000000000004,0,Regular / Mid-Value
18095,212,2,580.0500000000001,419,20,290.02500000000003,1,At-Risk / Low-Value
18097,26,5,2011.4,1418,56,402.28000000000003,3,High-Value / Loyal
18099,27,1,168.31,149,19,168.31,2,Recent / Potential
18101,43,1,110.23,25,13,110.23,1,At-Risk / Low-Value
18102,26,26,130537.23,29793,54,5020.662692307692,3,High-Value / Loyal
18106,229,1,430.7,128,33,430.7,1,At-Risk / Low-Value
18108,154,1,271.0,84,17,271.0,1,At-Risk / Low-Value
18109,10,17,4457.27,3326,103,262.1923529411765,3,High-Value / Loyal
18112,66,1,196.64,110,12,196.64,1,At-Risk / Low-Value
18113,268,1,76.32000000000001,72,1,76.32000000000001,1,At-Risk / Low-Value
18114,190,1,220.1,55,28,220.1,1,At-Risk / Low-Value
18116,134,7,1254.47,678,220,179.21,0,Regular / Mid-Value
18118,47,18,4080.26,2069,355,226.68111111111114,3,High-Value / Loyal
18119,267,1,181.12,125,29,181.12,1,At-Risk / Low-Value
18120,114,1,111.15,31,17,111.15,1,At-Risk / Low-Value
18121,49,2,673.1,450,28,336.55,0,Regular / Mid-Value
18122,50,1,119.19,69,23,119.19,1,At-Risk / Low-Value
18125,101,3,945.14,695,146,315.0466666666667,0,Regular / Mid-Value
18127,33,1,139.6,28,8,139.6,1,At-Risk / Low-Value
18129,143,1,112.55000000000001,48,13,112.55000000000001,1,At-Risk / Low-Value
18133,112,1,931.4999999999999,1350,1,931.4999999999999,0,Regular / Mid-Value
18135,90,1,109.82000000000001,88,9,109.82000000000001,1,At-Risk / Low-Value
18136,111,2,600.85,295,30,300.425,0,Regular / Mid-Value
18138,195,1,152.65,38,8,152.65,1,At-Risk / Low-Value
18142,57,2,1019.52,1276,9,509.76,0,Regular / Mid-Value
18143,16,2,1000.16,570,59,500.08,2,Recent / Potential
18144,9,9,2165.55,1064,24,240.61666666666667,3,High-Value / Loyal
18145,104,2,1023.78,863,60,511.89,0,Regular / Mid-Value
18146,40,2,160.35000000000002,153,10,80.17500000000001,1,At-Risk / Low-Value
18147,8,1,98.88,80,4,98.88,2,Recent / Potential
18149,115,2,549.68,280,9,274.84,0,Regular / Mid-Value
18150,40,2,413.28,236,22,206.64,0,Regular / Mid-Value
18151,34,2,653.35,355,38,326.675,0,Regular / Mid-Value
18155,70,2,266.56,196,14,133.28,1,At-Risk / Low-Value
18156,269,1,206.23000000000002,73,50,206.23000000000002,1,At-Risk / Low-Value
18159,201,1,530.15,139,23,530.15,1,At-Risk / Low-Value
18160,100,1,318.55,147,19,318.55,1,At-Risk / Low-Value
18161,40,3,771.26,387,24,257.08666666666664,0,Regular / Mid-Value
18165,77,1,302.46000000000004,254,10,302.46000000000004,1,At-Risk / Low-Value
18167,5,1,498.48,122,13,498.48,2,Recent / Potential
18168,76,6,1169.94,594,97,194.99,0,Regular / Mid-Value
18170,12,2,655.51,249,27,327.755,2,Recent / Potential
18171,62,3,684.4200000000001,220,33,228.14000000000001,0,Regular / Mid-Value
18172,27,10,5329.32,2180,94,532.932,3,High-Value / Loyal
18173,99,3,1728.8400000000001,1028,20,576.2800000000001,0,Regular / Mid-Value
18176,258,1,476.35,283,30,476.35,1,At-Risk / Low-Value
18177,57,5,1037.82,544,43,207.564,0,Regular / Mid-Value
18178,28,4,1590.81,983,80,397.7025,0,Regular / Mid-Value
18179,152,4,1103.16,729,54,275.79,0,Regular / Mid-Value
18180,36,2,601.85,553,42,300.925,0,Regular / Mid-Value
18183,127,2,632.07,371,36,316.035,0,Regular / Mid-Value
18185,149,1,304.25,183,17,304.25,1,At-Risk / Low-Value
18188,190,1,426.6,164,16,426.6,1,At-Risk / Low-Value
18189,167,1,633.1,352,40,633.1,1,At-Risk / Low-Value
18190,92,2,284.46000000000004,140,14,142.23000000000002,1,At-Risk / Low-Value
18191,161,1,207.79999999999998,140,7,207.79999999999998,1,At-Risk / Low-Value
18193,65,1,243.76,124,16,243.76,1,At-Risk / Low-Value
18196,190,1,450.78,241,78,450.78,1,At-Risk / Low-Value
18198,0,14,4427.39,3491,64,316.2421428571429,3,High-Value / Loyal
18200,6,1,163.8,111,29,163.8,2,Recent / Potential
18202,99,3,1396.99,581,55,465.66333333333336,0,Regular / Mid-Value
18203,57,1,160.42000000000002,43,19,160.42000000000002,1,At-Risk / Low-Value
18204,9,2,1367.32,912,113,683.66,2,Recent / Potential
18210,167,1,142.4,62,5,142.4,1,At-Risk / Low-Value
18211,36,2,268.7,152,15,134.35,2,Recent / Potential
18212,226,1,248.42,101,30,248.42,1,At-Risk / Low-Value
18213,136,1,232.48000000000002,232,15,232.48000000000002,1,At-Risk / Low-Value
18218,111,2,662.08,584,17,331.04,0,Regular / Mid-Value
18219,49,8,1367.13,596,49,170.89125,0,Regular / Mid-Value
18220,126,1,305.28000000000003,288,2,305.28000000000003,1,At-Risk / Low-Value
18221,15,3,706.86,446,40,235.62,2,Recent / Potential
18223,43,10,3604.61,1541,83,360.461,3,High-Value / Loyal
18224,163,1,158.95000000000002,69,10,158.95000000000002,1,At-Risk / Low-Value
18225,13,7,2730.78,1582,99,390.1114285714286,3,High-Value / Loyal
18226,20,9,4251.03,2946,107,472.33666666666664,3,High-Value / Loyal
18227,117,1,93.75,21,5,93.75,1,At-Risk / Low-Value
18229,10,13,4864.06,1518,58,374.15846153846155,3,High-Value / Loyal
18230,73,4,1643.2800000000002,806,32,410.82000000000005,0,Regular / Mid-Value
18231,92,5,2083.27,821,106,416.654,0,Regular / Mid-Value
18232,57,3,500.62,277,29,166.87333333333333,0,Regular / Mid-Value
18233,225,1,440.0,4,1,440.0,1,At-Risk / Low-Value
18235,20,2,749.8,706,49,374.9,2,Recent / Potential
18236,29,4,641.19,310,31,160.2975,0,Regular / Mid-Value
18237,19,2,566.59,361,31,283.295,2,Recent / Potential
18239,118,5,1561.6100000000001,795,80,312.322,0,Regular / Mid-Value
18241,6,10,1205.78,618,44,120.578,3,High-Value / Loyal
18242,96,2,694.08,408,26,347.04,0,Regular / Mid-Value
18245,49,6,1672.81,1328,103,278.8016666666667,0,Regular / Mid-Value
18246,133,1,232.9,70,2,232.9,1,At-Risk / Low-Value
18248,22,2,804.02,511,39,402.01,2,Recent / Potential
18250,210,1,349.27,199,21,349.27,1,At-Risk / Low-Value
18252,71,1,69.89999999999999,18,3,69.89999999999999,1,At-Risk / Low-Value
18257,14,5,1562.8700000000001,721,66,312.574,3,High-Value / Loyal
18259,266,1,376.30000000000007,116,7,376.30000000000007,1,At-Risk / Low-Value
18260,72,6,2643.2000000000003,1478,86,440.53333333333336,0,Regular / Mid-Value
18262,40,1,149.48,182,13,149.48,1,At-Risk / Low-Value
18263,55,2,811.4,1048,45,405.7,0,Regular / Mid-Value
18265,58,1,488.55,224,29,488.55,1,At-Risk / Low-Value
18268,34,1,25.5,2,1,25.5,1,At-Risk / Low-Value
18269,266,1,168.6,76,7,168.6,1,At-Risk / Low-Value
18270,166,1,111.95,41,5,111.95,1,At-Risk / Low-Value
18272,13,4,2106.45,1465,76,526.6125,3,High-Value / Loyal
18273,157,1,51.0,20,1,51.0,1,At-Risk / Low-Value
18280,177,1,180.60000000000002,45,10,180.60000000000002,1,At-Risk / Low-Value
18281,80,1,80.82,54,7,80.82,1,At-Risk / Low-Value
18282,26,1,100.21000000000001,75,7,100.21000000000001,1,At-Risk / Low-Value
18283,48,9,985.77,647,183,109.53,0,Regular / Mid-Value
18287,101,1,765.28,488,27,765.28,1,At-Risk / Low-Value
